-- phpMyAdmin SQL Dump
-- version 4.9.5
-- https://www.phpmyadmin.net/
--
-- Host: localhost:3306
-- Generation Time: Aug 27, 2022 at 08:58 AM
-- Server version: 10.5.16-MariaDB
-- PHP Version: 7.3.32

SET SQL_MODE = "NO_AUTO_VALUE_ON_ZERO";
SET AUTOCOMMIT = 0;
START TRANSACTION;
SET time_zone = "+00:00";


/*!40101 SET @OLD_CHARACTER_SET_CLIENT=@@CHARACTER_SET_CLIENT */;
/*!40101 SET @OLD_CHARACTER_SET_RESULTS=@@CHARACTER_SET_RESULTS */;
/*!40101 SET @OLD_COLLATION_CONNECTION=@@COLLATION_CONNECTION */;
/*!40101 SET NAMES utf8mb4 */;

--
-- Database: `id19456629_database`
--

-- --------------------------------------------------------

--
-- Table structure for table `admin`
--

CREATE TABLE `admin` (
  `username` varchar(10) NOT NULL,
  `password` varchar(10) NOT NULL
) ENGINE=InnoDB DEFAULT CHARSET=utf8mb4;

--
-- Dumping data for table `admin`
--

INSERT INTO `admin` (`username`, `password`) VALUES
('root', 'root123');

-- --------------------------------------------------------

--
-- Table structure for table `collage`
--

CREATE TABLE `college` (
  `f_name` varchar(25) COLLATE utf8_unicode_ci NOT NULL
) ENGINE=InnoDB DEFAULT CHARSET=utf8 COLLATE=utf8_unicode_ci;

--
-- Dumping data for table `college`
--

INSERT INTO `college` (`f_name`) VALUES
('55'),
('5566'),
('5544'),
('5544'),
('5544'),
('');

-- --------------------------------------------------------

--
-- Table structure for table `faculty`
--

CREATE TABLE `faculty` (
  `f_empid1` varchar(25) NOT NULL,
  `f_name` varchar(40) NOT NULL,
  `f_eduid` varchar(40) NOT NULL
) ENGINE=InnoDB DEFAULT CHARSET=utf8mb4;

--
-- Dumping data for table `faculty`
--

INSERT INTO `faculty` (`f_empid1`, `f_name`, `f_eduid`) VALUES
('40035', 'Dr.Preeti Hemnani', 'preetih@sies.edu.in'),
('40037', 'Dr.Aparna Bannore', 'aparnab@sies.edu.in'),
('40042', 'Ms.Swati Rane', 'swatir@sies.edu.in'),
('40043', 'Dr.Deepti Reddy', 'deeptir@sies.edu.in'),
('40044', 'Ms.Mrinal Khadse', 'mrinalk@sies.edu.in'),
('40048', 'Ms.Prachi Shahane', 'prachis@sies.edu.in'),
('40061', 'Ms.Vandana Sawant', 'vandanas@sies.edu.in'),
('40062', 'Dr.Shubhangi P Kharche', 'shubhangik@sies.edu.in'),
('40067', 'Ms.Savita Lohiya', 'savital@sies.edu.in'),
('40108', 'Ms.Suvarna Chaure', 'suvarnac@sies.edu.in'),
('40109', 'Ms.Seema Redekar', 'seemasr@sies.edu.in'),
('40110', 'Ms.Leena Ladge', 'leenal@sies.edu.in'),
('40114', 'Mr.Sunil K Punjabi', 'sunilp@sies.edu.in'),
('40134', 'Dr.Sandhya Bharambe', 'sandhyab@sies.edu.in'),
('40136', 'Ms.Seema Khan', 'seemak@sies.edu.in'),
('40139', 'Ms.Pratibha Sharma', 'pratibhas@sies.edu.in'),
('40140', 'Ms.Vijaya Patil', 'vijayap@sies.edu.in'),
('40141', 'Dr.Pradip P Patil', 'pradipp@sies.edu.in'),
('40145', 'Mr.Mahesh Biradar', 'maheshb@sies.edu.in'),
('40168', 'Dr.Lakshmi Sudha', 'lakshmiks@sies.edu.in'),
('40192', 'Dr.Rizwana Umair Ahmed Si', 'rizwanas@sies.edu.in'),
('40207', 'Ms.Ujwala Ravale', 'ujwalar@sies.edu.in'),
('40259', 'Ms.Masooda Modak', 'masoodam@sies.edu.in'),
('40265', 'Ms.Anindita Khade', 'aninditak@sies.edu.in'),
('40269', 'Mr.Pushkar Sathe', 'pushkars@sies.edu.in'),
('40310', 'Ms.Shyamala Mathi', 'shyamalae@sies.edu.in'),
('40312', 'Dr.Varsha Patil', 'varshap@sies.edu.in'),
('40313', 'Ms.Shubhangi Kadu', 'shubhangis@sies.edu.in'),
('40322', 'Mr.Mohammad Ali Ansari', 'mohammada@sies.edu.in'),
('40324', 'Ms.Pratibha Joshi', 'pratibhaj@sies.edu.in'),
('40325', 'Ms.Sonal A Hutke', 'sonalj@sies.edu.in'),
('40333', 'Mr.Ashwinkumar R Chavan', 'ashwinc@sies.edu.in'),
('40335', 'Dr.Ganesh S Kadam', 'ganeshk@sies.edu.in'),
('40337', 'Mr.Prashant K Ambadekar', 'prashanta@sies.edu.in'),
('40339', 'Ms.Pranavi K Nikam', 'pranavim@sies.edu.in'),
('40340', 'Ms.Hema Gavali', 'hemar@sies.edu.in'),
('40343', 'Dr.Smitha S Kumar', 'smithas@sies.edu.in'),
('40350', 'Dr.Atul N Kemkar', 'atulk@sies.edu.in'),
('40356', 'Ms.Bushra Shaikh', 'bushras@sies.edu.in'),
('40366', 'Ms.Kalyani Pampattiwar', 'kalyanip@sies.edu.in'),
('40374', 'Ms.Nita Patil', 'nitap@sies.edu.in'),
('40375', 'Dr.Sandesh Ramteke', 'sandeshr@sies.edu.in'),
('40377', 'Mr.Ajay S Hundiwale', 'ajayh@sies.edu.in'),
('40385', 'Mr.Chandan D Chaudhari', 'chandanc@sies.edu.in'),
('40386', 'Ms.Prajakta L Kane', 'prajaktak@sies.edu.in'),
('40388', 'Ms.Vaishali Mangrulkar', 'vaishalim@sies.edu.in'),
('40389', 'Ms.Namrata Patel', 'namratap@sies.edu.in'),
('40392', 'Ms.Stuti Ahuja', 'stutia@sies.edu.in'),
('40393', 'Mr.Sagar S Waghmare', 'sagarw@sies.edu.in'),
('40403', 'Ms.Kranti Bade', 'krantib@sies.edu.in'),
('40404', 'Dr.G.Kanthimathi', 'kanthim@sies.edu.in'),
('40413', 'Mr.Vishal Gaikwad', 'vishalg@sies.edu.in'),
('40442', 'Ms.Madhuri Kulkarni', 'madhurik@sies.edu.in'),
('40443', 'Ms.Priyanka Kadam', 'priyankak@sies.edu.in'),
('40444', 'Dr.Kaustubh V Chavan', 'kaustubhc@sies.edu.in'),
('40446', 'Dr.Ramkishan B Bhise', 'ramkishanb@sies.edu.in'),
('40449', 'Dr.Lokpriya Gaikwad', 'lokpriyag@sies.edu.in'),
('40452', 'Mr.Biju Balakrishnan', 'bijub@sies.edu.in'),
('40463', 'Dr.Rupendra S Nehete', 'rupendran@sies.edu.in'),
('40490', 'Samundiswary Srinivasan', 'samundiswarys@sies.edu.in'),
('40494', 'Ms.Arathi Boyanapalli', 'arathib@sies.edu.in'),
('40495', 'Ms.Urvashi Patkar', 'urvaship@sies.edu.in'),
('40499', 'Ms.Kalyani Salvi', 'kalyanis@sies.edu.in'),
('40500', 'Ms.Rekha Gupta', 'rekhag@sies.edu.in'),
('40505', 'Mr.Somnath Pawar', 'somnathp@sies.edu.in'),
('40508', 'Ms.Vishwayogita Savalkar', 'vishwayogitas@sies.edu.in'),
('40513', 'Ms.Poonam Jadhav', 'poonamj@sies.edu.in'),
('40514', 'Ms.Rina Bora', 'rinab@sies.edu.in'),
('40515', 'Dr.Arpita Pal', 'arpitap@sies.edu.in'),
('40518', 'Mr.Sujit Patil', 'sujitp@sies.edu.in'),
('40519', '	Mr.Ravindra Patil', 'ravindrap@sies.edu.in'),
('40521', 'Ms.Rohini Gaikwad', 'rohinig@sies.edu.in'),
('40522', 'Dr.Gayatri Bachhav', 'gayatri@sies.edu.in'),
('40525', 'Ms.Pallavi Mane', 'pallavim@sies.edu.in'),
('40526', 'Ms.Sneha Tapre', 'snehat@sies.edu.in'),
('40527', 'Ms.Pooja Bhise', 'poojabh@sies.edu.in'),
('40528', 'Ms.Neha', 'neha@sies.edu.in'),
('40529', 'Mr.Sumit Shinde', 'sumits@sies.edu.in'),
('40530', 'Ms.Sayali Badhan', 'sayalib@sies.edu.in'),
('40531', 'Ms.Archana Arudkar', 'archanaa@sies.edu.in'),
('40533', 'Mr.Praveen Shinde', 'praveens@sies.edu.in'),
('40535', 'Ms.Jyoti Chavhan', 'jyotic@sies.edu.in'),
('40536', '	Ms.Reshma Koli', 'reshmark@sies.edu.in'),
('40537', 'Mr.Neerajkumar Wayzode', 'neerajkumarw@sies.edu.in'),
('40539', 'Mr.Satish Ranbhise', 'satishr@sies.edu.in'),
('40541', '	Dr.Pooja Singh', 'poojasingh@sies.edu.in'),
('40542', 'Ms.Suman Sarma', 'sumansarma@sies.edu.in'),
('40543', 'Ms.Smita Mane', 'smitam@sies.edu.in');

-- --------------------------------------------------------

--
-- Table structure for table `feedback`
--

CREATE TABLE `feedback` (
  `id` int(10) NOT NULL,
  `s_prn` varchar(20) NOT NULL,
  `f_empid1` varchar(20) NOT NULL,
  `f_subject` varchar(20) NOT NULL,
  `q1` int(3) NOT NULL,
  `q2` int(3) NOT NULL,
  `q3` int(3) NOT NULL,
  `q4` int(3) NOT NULL,
  `q5` int(3) NOT NULL,
  `f_year` varchar(5) NOT NULL
) ENGINE=InnoDB DEFAULT CHARSET=utf8mb4;

--
-- Dumping data for table `feedback`
--

INSERT INTO `feedback` (`id`, `s_prn`, `f_empid1`, `f_subject`, `q1`, `q2`, `q3`, `q4`, `q5`, `f_year`) VALUES
(12, '120A1041', '40312', 'TCS', 5, 5, 5, 5, 5, 'TE'),
(13, '120A1041', '40389', 'CN', 5, 5, 5, 5, 5, 'TE'),
(14, '120A1041', '40259', 'DWM', 5, 5, 5, 5, 5, 'TE'),
(15, '120A1030', '40312', 'TCS', 5, 5, 5, 5, 5, 'TE'),
(16, '120A1041', '40525', 'PCE', 5, 5, 5, 5, 5, 'TE'),
(17, '120A1041', '40259', 'IP', 5, 5, 5, 5, 5, 'TE'),
(18, '120A1041', '40495', 'DWM LAB', 5, 5, 5, 5, 5, 'TE'),
(19, '120A1030', '40259', 'IP', 5, 5, 5, 5, 5, 'TE'),
(20, '120A1047', '40312', 'TCS', 5, 4, 4, 4, 4, 'TE'),
(21, '120A1041', '40389', 'CN LAB', 5, 5, 5, 5, 5, 'TE'),
(22, '120A1041', '40525', 'PCE LAB', 5, 5, 5, 5, 5, 'TE'),
(23, '120A1028', '40312', 'TCS', 5, 5, 5, 5, 4, 'TE'),
(24, '120A1047', '40389', 'CN', 4, 4, 4, 4, 4, 'TE'),
(25, '120A1047', '40259', 'DWM', 5, 5, 4, 4, 4, 'TE'),
(26, '120A1028', '40389', 'CN', 4, 4, 4, 4, 4, 'TE'),
(27, '120A1025', '40312', 'TCS', 5, 5, 5, 5, 5, 'TE'),
(28, '120A1028', '40259', 'DWM', 4, 4, 4, 4, 4, 'TE'),
(29, '120A1028', '40525', 'PCE', 4, 4, 4, 4, 4, 'TE'),
(30, '120A1025', '40389', 'CN', 5, 5, 5, 5, 5, 'TE'),
(31, '120A1047', '40525', 'PCE', 4, 3, 3, 4, 3, 'TE'),
(32, '120A1025', '40259', 'DWM', 5, 5, 5, 5, 5, 'TE'),
(33, '120A1025', '40525', 'PCE', 5, 5, 5, 5, 5, 'TE'),
(34, '120A1025', '40259', 'IP', 5, 5, 5, 5, 5, 'TE'),
(35, '120A1030', '40389', 'CN', 5, 5, 5, 5, 5, 'TE'),
(36, '120A1030', '40259', 'DWM', 5, 5, 5, 5, 5, 'TE'),
(37, '120A1030', '40525', 'PCE', 5, 5, 4, 3, 2, 'TE'),
(38, '120A1047', '40495', 'DWM LAB', 5, 5, 4, 4, 5, 'TE'),
(39, '120A1045', '40312', 'TCS', 1, 1, 1, 1, 1, 'TE'),
(40, '120A1047', '40389', 'CN LAB', 4, 4, 3, 3, 4, 'TE'),
(41, '120A1045', '40389', 'CN', 1, 1, 1, 1, 1, 'TE'),
(42, '120A1047', '40525', 'PCE LAB', 4, 4, 3, 4, 4, 'TE'),
(43, '120A1045', '40259', 'DWM', 1, 1, 1, 1, 1, 'TE'),
(44, '120A1045', '40525', 'PCE', 1, 1, 1, 1, 1, 'TE'),
(45, '120A1045', '40259', 'IP', 1, 1, 1, 1, 1, 'TE'),
(46, '120A1045', '40495', 'DWM LAB', 1, 1, 1, 1, 1, 'TE'),
(47, '120A1045', '40389', 'CN LAB', 1, 1, 1, 1, 2, 'TE'),
(48, '120A1045', '40525', 'PCE LAB', 5, 5, 5, 5, 5, 'TE'),
(49, '120A1042', '40312', 'TCS', 5, 5, 5, 5, 5, 'TE'),
(50, '120A1043', '40312', 'TCS', 4, 5, 5, 5, 5, 'TE'),
(51, '120A1043', '40525', 'PCE LAB', 5, 5, 5, 5, 5, 'TE'),
(52, '120A1043', '40389', 'CN LAB', 1, 3, 3, 3, 5, 'TE'),
(53, '120A1037', '40312', 'TCS', 5, 5, 5, 5, 5, 'TE'),
(54, '120A1037', '40389', 'CN', 5, 5, 5, 5, 5, 'TE'),
(55, '120A1037', '40259', 'DWM', 5, 5, 5, 5, 5, 'TE'),
(56, '120A1037', '40525', 'PCE', 5, 5, 5, 5, 5, 'TE'),
(57, '120A1037', '40259', 'IP', 5, 5, 5, 5, 5, 'TE'),
(58, '120A1037', '40495', 'DWM LAB', 5, 5, 5, 5, 5, 'TE'),
(59, '120A1037', '40389', 'CN LAB', 5, 5, 5, 5, 5, 'TE'),
(60, '120A1037', '40525', 'PCE LAB', 5, 5, 5, 5, 5, 'TE'),
(61, '120A1033', '40312', 'TCS', 5, 5, 5, 5, 5, 'TE'),
(62, '120A1033', '40389', 'CN', 5, 5, 5, 5, 5, 'TE'),
(63, '120A1033', '40259', 'DWM', 5, 5, 5, 5, 5, 'TE'),
(64, '120A1033', '40525', 'PCE', 5, 5, 5, 5, 5, 'TE'),
(65, '120A1033', '40259', 'IP', 5, 5, 5, 5, 5, 'TE'),
(66, '120A1040', '40259', 'IP', 5, 5, 5, 5, 5, 'TE'),
(67, '221A1129', '40048', 'TCS', 5, 5, 5, 5, 5, 'TE');

-- --------------------------------------------------------

--
-- Table structure for table `f_allocation`
--

CREATE TABLE `f_allocation` (
  `id` int(10) NOT NULL,
  `f_empid` varchar(25) NOT NULL,
  `f_branch` varchar(25) NOT NULL,
  `f_year` varchar(25) NOT NULL,
  `f_semester` varchar(25) NOT NULL,
  `f_division` varchar(25) NOT NULL,
  `f_type` varchar(25) NOT NULL,
  `f_subject` varchar(25) NOT NULL,
  `f_batch` varchar(25) NOT NULL
) ENGINE=InnoDB DEFAULT CHARSET=utf8mb4;

--
-- Dumping data for table `f_allocation`
--

INSERT INTO `f_allocation` (`id`, `f_empid`, `f_branch`, `f_year`, `f_semester`, `f_division`, `f_type`, `f_subject`, `f_batch`) VALUES
(1, '40495', 'CE', 'SE', '3', 'C', 'Theory', 'DSGT', ''),
(2, '40495', 'CE', 'SE', '3', 'D', 'Theory', 'DSGT', ''),
(3, '40495', 'CE', 'SE', '3', 'C', 'LAB', 'DS LAB', '2'),
(4, '40495', 'CE', 'SE', '3', 'C', 'LAB', 'DS LAB', '4'),
(5, '40495', 'CE', 'TE', '5', 'C', 'LAB', 'DWM LAB', '3'),
(6, '40495', 'CE', 'BE', '7', 'D', 'LAB', 'ML LAB', '2'),
(7, '40495', 'CE', 'BE', '7', 'D', 'LAB', 'ML LAB', '3'),
(8, '40312', 'CE', 'TE', '5', 'C', 'Theory', 'TCS', ''),
(9, '40389', 'CE', 'TE', '5', 'C', 'Theory', 'CN', ''),
(10, '40389', 'CE', 'TE', '5', 'C', 'LAB', 'CN LAB', '3'),
(11, '40259', 'CE', 'TE', '5', 'C', 'Theory', 'DWM', ''),
(12, '40525', 'CE', 'TE', '5', 'C', 'Theory', 'PCE', ''),
(13, '40525', 'CE', 'TE', '5', 'C', 'LAB', 'PCE LAB', '3'),
(14, '40259', 'CE', 'TE', '5', 'C', 'Theory', 'IP', ''),
(15, '40037', 'CE', 'BE', '7', 'D', 'Theory', 'MACHINE LEARNING', ''),
(16, '40192', 'CE', 'BE', '7', 'C', 'Theory', 'BLOCKCHAIN', ''),
(17, '40192', 'CE', 'BE', '7', 'C', 'LAB', 'BLOCKCHAIN LAB', '1'),
(18, '40192', 'CE', 'BE', '7', 'C', 'LAB', 'BLOCKCHAIN LAB', '2'),
(19, '40192', 'CE', 'BE', '7', 'C', 'LAB', 'BLOCKCHAIN LAB', '3'),
(20, '40495', 'CE', 'SE', '3', 'C', 'Theory', 'DSGT', ''),
(21, '40386', 'Mechanical', 'SE', '3', 'C', 'Theory', 'me31', ''),
(23, '40035', 'EXTC', 'TE', '5', 'A', 'Theory', 'DTSP', ''),
(25, '40114', 'CE', 'BE', '7', 'C', 'Theory', 'MACHINE VISION', ''),
(26, '40114', 'CE', 'BE', '7', 'C', 'LAB', 'MACHINE VISION LAB', '1'),
(27, '40114', 'CE', 'BE', '7', 'C', 'LAB', 'MACHINE VISION LAB', '2'),
(28, '40114', 'CE', 'BE', '7', 'C', 'LAB', 'MACHINE VISION LAB', '3'),
(29, '40114', 'CE', 'BE', '7', 'D', 'LAB', 'MACHINE VISION LAB', '1'),
(30, '40114', 'CE', 'BE', '7', 'D', 'LAB', 'MACHINE VISION LAB', '3'),
(31, '40114', 'CE', 'BE', '7', 'D', 'LAB', 'MACHINE VISION LAB', '2'),
(33, '40452', 'EXTC', 'TE', '5', 'A', 'Theory', 'DCOM', ''),
(34, '40452', 'EXTC', 'TE', '5', 'A', 'LAB', 'DCOM', '1'),
(35, '40452', 'EXTC', 'TE', '5', 'A', 'LAB', 'DCOM', '2'),
(36, '40452', 'EXTC', 'TE', '5', 'A', 'LAB', 'DCOM', '3'),
(37, '40452', 'EXTC', 'TE', '5', 'A', 'LAB', 'DCOM', '4'),
(38, '40452', 'ECS', 'TE', '5', 'B', 'Theory', 'ITC', ''),
(39, '40452', 'ECS', 'TE', '5', 'B', 'LAB', 'ITC', '1'),
(40, '40452', 'ECS', 'TE', '5', 'B', 'LAB', 'ITC', '2'),
(41, '40443', 'ECS', 'TE', '5', 'B', 'Theory', 'CE', ''),
(42, '40443', 'ECS', 'TE', '5', 'B', 'LAB', 'CE', '1'),
(43, '40443', 'ECS', 'TE', '5', 'B', 'LAB', 'CE', '2'),
(44, '40443', 'ECS', 'TE', '5', 'B', 'LAB', 'CE', '3'),
(45, '40413', 'EXTC', 'TE', '5', 'A', 'Theory', 'ST', ''),
(46, '40413', 'EXTC', 'BE', '7', 'B', 'LAB', 'MCS', '2'),
(47, '40413', 'EXTC', 'BE', '7', 'B', 'LAB', 'MCS', '4'),
(49, '40374', 'EXTC', 'BE', '7', 'B', 'Theory', 'ICE', ''),
(51, '40340', 'EXTC', 'TE', '5', 'A', 'LAB', 'DTSP', '1'),
(52, '40340', 'EXTC', 'TE', '5', 'A', 'LAB', 'DTSP', '4'),
(53, '40325', 'EXTC', 'BE', '7', 'B', 'Theory', 'ME', ''),
(54, '40325', 'EXTC', 'BE', '7', 'B', 'LAB', 'ME', '2'),
(55, '40325', 'EXTC', 'BE', '7', 'B', 'LAB', 'ME', '3'),
(56, '40324', 'EXTC', 'BE', '7', 'B', 'Theory', 'MCS', ''),
(57, '40324', 'EXTC', 'BE', '7', 'B', 'LAB', 'MCS', '1'),
(58, '40269', 'EXTC', 'TE', '5', 'A', 'Theory', 'RSA', ''),
(59, '40269', 'EXTC', 'BE', '7', 'A', 'Theory', 'DL', ''),
(60, '40269', 'EXTC', 'BE', '7', 'B', 'Theory', 'DL', ''),
(61, '40061', 'EXTC', 'BE', '7', 'A', 'LAB', 'ME', '1'),
(62, '40061', 'EXTC', 'BE', '7', 'B', 'LAB', 'ME', '1'),
(63, '40061', 'EXTC', 'BE', '7', 'A', 'Theory', 'ME', ''),
(64, '40061', 'EXTC', 'BE', '7', 'A', 'LAB', 'ME', '2'),
(65, '40061', 'EXTC', 'BE', '7', 'A', 'LAB', 'ME', '3'),
(66, '40061', 'EXTC', 'BE', '7', 'A', 'LAB', 'ME', '4'),
(67, '40061', 'EXTC', 'BE', '7', 'B', 'LAB', 'ME', '4'),
(68, '40061', 'EXTC', 'TE', '5', 'A', 'Theory', 'DCC', ''),
(69, '40042', 'EXTC', 'TE', '5', 'A', 'Theory', 'DVLSI', ''),
(70, '40207', 'CE', 'TE', '5', 'C', 'Theory', 'ADBMS', ''),
(71, '40207', 'CE', 'TE', '5', 'D', 'Theory', 'ADBMS', ''),
(72, '40207', 'CE', 'BE', '7', 'C', 'Theory', 'BIG DATA ANALYTICS', ''),
(74, '40259', 'CE', 'TE', '5', 'D', 'Theory', 'IP', ''),
(75, '40259', 'CE', 'TE', '5', 'C', 'LAB', 'DWM LAB', '1'),
(76, '40259', 'CE', 'TE', '5', 'C', 'LAB', 'DWM LAB', '4'),
(77, '40265', 'CE', 'BE', '7', 'C', 'Theory', 'MACHINE LEARNING', ''),
(79, '40265', 'CE', 'BE', '7', 'D', 'LAB', 'ML LAB', '1'),
(80, '40494', 'CE', 'BE', '7', 'D', 'Theory', 'BIG DATA ANALYTICS', ''),
(81, '40494', 'CE', 'TE', '5', 'D', 'Theory', 'CN', ''),
(82, '40494', 'CE', 'TE', '5', 'C', 'LAB', 'CN LAB', '1'),
(83, '40494', 'CE', 'TE', '5', 'D', 'LAB', 'CN LAB', '2'),
(84, '40494', 'CE', 'TE', '5', 'D', 'LAB', 'CN LAB', '4'),
(85, '40312', 'CE', 'BE', '7', 'C', 'Theory', 'IR', ''),
(86, '40312', 'CE', 'BE', '7', 'D', 'Theory', 'IR', ''),
(87, '40312', 'CE', 'BE', '7', 'C', 'LAB', 'IR LAB', '1'),
(88, '40312', 'CE', 'BE', '7', 'C', 'LAB', 'IR LAB', '2'),
(89, '40312', 'CE', 'BE', '7', 'C', 'LAB', 'IR LAB', '3'),
(90, '40312', 'CE', 'BE', '7', 'D', 'LAB', 'IR LAB', '1'),
(91, '40312', 'CE', 'BE', '7', 'D', 'LAB', 'IR LAB', '2'),
(92, '40312', 'CE', 'BE', '7', 'D', 'LAB', 'IR LAB', '3'),
(93, '40366', 'CE', 'BE', '7', 'D', 'Theory', 'BLOCKCHAIN', ''),
(94, '40366', 'CE', 'BE', '7', 'D', 'LAB', 'BLOCKCHAIN LAB', '1'),
(95, '40366', 'CE', 'BE', '7', 'D', 'LAB', 'BLOCKCHAIN LAB', '2'),
(96, '40366', 'CE', 'BE', '7', 'D', 'LAB', 'BLOCKCHAIN LAB', '3'),
(97, '40389', 'CE', 'TE', '5', 'C', 'LAB', 'CN LAB', '4'),
(98, '40389', 'CE', 'TE', '5', 'C', 'LAB', 'CN LAB', '2'),
(99, '40389', 'CE', 'TE', '5', 'D', 'LAB', 'CN LAB', '3'),
(100, '40389', 'CE', 'TE', '5', 'D', 'LAB', 'CN LAB', '1'),
(101, '40525', 'CE', 'TE', '5', 'D', 'Theory', 'PCE', ''),
(102, '40525', 'CE', 'TE', '5', 'D', 'LAB', 'PCE LAB', '4'),
(103, '40525', 'CE', 'TE', '5', 'D', 'LAB', 'PCE LAB', '3'),
(104, '40525', 'CE', 'TE', '5', 'D', 'LAB', 'PCE LAB', '1'),
(105, '40525', 'CE', 'TE', '5', 'C', 'LAB', 'PCE LAB', '1'),
(106, '40525', 'CE', 'TE', '5', 'C', 'LAB', 'PCE LAB', '2'),
(107, '40525', 'CE', 'TE', '5', 'C', 'LAB', 'PCE LAB', '4'),
(108, '40494', 'CE', 'BE', '7', 'D', 'LAB', 'BDA LAB', '1'),
(109, '40207', 'CE', 'BE', '7', 'C', 'LAB', 'BDA LAB', '1'),
(110, '40207', 'CE', 'BE', '7', 'C', 'LAB', 'BDA LAB', '2'),
(111, '40207', 'CE', 'BE', '7', 'C', 'LAB', 'BDA LAB', '3'),
(112, '40042', 'EXTC', 'TE', '5', 'A', 'LAB', 'DVLSI', '1'),
(113, '40207', 'CE', 'BE', '7', 'D', 'LAB', 'BDA LAB', '3'),
(114, '40042', 'EXTC', 'TE', '5', 'A', 'LAB', 'DVLSI', '2'),
(115, '40207', 'CE', 'BE', '7', 'D', 'LAB', 'BDA LAB', '2'),
(116, '40042', 'EXTC', 'TE', '5', 'A', 'LAB', 'DVLSI', '3'),
(117, '40042', 'EXTC', 'TE', '5', 'A', 'LAB', 'DVLSI', '4'),
(118, '40062', 'EXTC', 'BE', '7', 'A', 'LAB', 'MCS', '2'),
(119, '40062', 'EXTC', 'TE', '7', 'A', 'LAB', 'MCS', '3'),
(120, '40062', 'EXTC', 'BE', '7', 'A', 'LAB', 'MCS', '3'),
(121, '40062', 'EXTC', 'BE', '7', 'B', 'LAB', 'MCS', '3'),
(122, '40062', 'EXTC', 'BE', '7', 'A', 'Theory', 'CC', ''),
(123, '40062', 'EXTC', 'BE', '7', 'B', 'Theory', 'CC', ''),
(124, '40500', 'ECS', 'TE', '5', 'B', 'Theory', 'COA', ''),
(125, '40528', 'ECS', 'TE', '5', 'B', 'Theory', 'SE', ''),
(126, '40403', 'ECS', 'TE', '5', 'B', 'Theory', 'WT', ''),
(127, '40452', 'ECS', 'TE', '5', 'B', 'Theory', 'ITC', ''),
(128, '40499', 'ECS', 'TE', '5', 'B', 'Theory', 'ST', ''),
(129, '40136', 'ECS', 'TE', '5', 'B', 'Theory', 'PCE', ''),
(130, '40136', 'ECS', 'TE', '5', 'B', 'LAB', 'PCE', '4'),
(131, '40443', 'ECS', 'TE', '5', 'B', 'LAB', 'CE', '3'),
(132, '40375', 'ppt', 'TE', '5', 'F', 'Theory', 'PPCT', ''),
(133, '40375', 'ppt', 'TE', '5', 'F', 'Theory', 'PDD', ''),
(134, '40375', 'ppt', 'TE', '5', 'F', 'LAB', 'PPCT LAB', '1'),
(135, '40375', 'ppt', 'TE', '5', 'F', 'LAB', 'PPCT LAB', '2'),
(136, '40528', 'ECS', 'TE', '5', 'B', 'LAB', 'CE LAB', '1'),
(137, '40528', 'ECS', 'TE', '5', 'B', 'LAB', 'SE/WT', '1'),
(138, '40393', 'ppt', 'TE', '5', 'F', 'LAB', 'PDG-II LAB', '1'),
(139, '40403', 'ECS', 'TE', '5', 'B', 'LAB', 'SE/WT', '2'),
(140, '40393', 'ppt', 'TE', '5', 'F', 'LAB', 'PDG-II LAB', '2'),
(141, '40500', 'ECS', 'TE', '5', 'B', 'LAB', 'SE/WT', '1'),
(142, '40393', 'ppt', 'BE', '7', 'F', 'Theory', 'PDL', ''),
(143, '40393', 'ppt', 'BE', '7', 'F', 'Theory', 'PDD', ''),
(144, '40452', 'ECS', 'TE', '5', 'B', 'LAB', 'ITC', '2'),
(145, '40393', 'ppt', 'BE', '7', 'F', 'LAB', 'PDL LAB', '1'),
(146, '40393', 'ppt', 'BE', '7', 'F', 'LAB', 'PDL LAB', '2'),
(147, '40499', 'ECS', 'TE', '5', 'B', 'LAB', 'ST', '2'),
(148, '40393', 'ppt', 'BE', '7', 'F', 'LAB', 'PDL LAB', '3'),
(149, '40313', 'ppt', 'TE', '5', 'F', 'Theory', 'APM', ''),
(150, '40313', 'ppt', 'BE', '7', 'F', 'Theory', 'AFP', ''),
(151, '40313', 'ppt', 'BE', '7', 'F', 'LAB', 'TQM TUT', '1'),
(152, '40313', 'ppt', 'BE', '7', 'F', 'LAB', 'TQM TUT', '2'),
(153, '40313', 'ppt', 'BE', '7', 'F', 'LAB', 'TQM TUT', '3'),
(154, '40313', 'ppt', 'BE', '7', 'F', 'LAB', 'PPC TUT', '1'),
(155, '40313', 'ppt', 'BE', '7', 'F', 'LAB', 'PPC TUT', '2'),
(156, '40313', 'ppt', 'BE', '7', 'F', 'LAB', 'PPC TUT', '3'),
(157, '40386', 'ppt', 'TE', '5', 'F', 'Theory', 'TOMD', ''),
(158, '40386', 'ppt', 'TE', '5', 'F', 'LAB', 'TOMD LAB', '1'),
(159, '40386', 'ppt', 'TE', '5', 'F', 'LAB', 'TOMD LAB', '2'),
(160, '40413', 'ppt', 'TE', '5', 'F', 'Theory', 'IPC', ''),
(161, '40413', 'EXTC', 'BE', '7', 'B', 'LAB', 'MCS', '1'),
(162, '40413', 'ppt', 'TE', '5', 'F', 'LAB', 'IPC LAB', '1'),
(163, '40413', 'ppt', 'TE', '5', 'F', 'LAB', 'IPC LAB', '2'),
(164, '40463', 'ppt', 'BE', '7', 'F', 'Theory', 'PLM', ''),
(165, '40350', 'ppt', 'BE', '7', 'F', 'Theory', 'DMMM', ''),
(166, '40108', 'ppt', 'BE', '7', 'F', 'Theory', 'CSL', ''),
(167, '40514', 'ppt', 'BE', '7', 'F', 'Theory', 'MIS', ''),
(168, '40035', 'EXTC', 'TE', '5', 'A', 'LAB', 'DTSP LAB', '2'),
(169, '40035', 'EXTC', 'TE', '5', 'A', 'LAB', 'DTSP LAB', '3'),
(170, '40413', 'EXTC', 'BE', '7', 'A', 'LAB', 'MCS', '1'),
(171, '40044', 'IT', 'TE', '5', 'E', 'Theory', 'CNS', ''),
(172, '40044', 'IT', 'TE', '7', 'E', 'Theory', 'IS/SDQA', ''),
(173, '40044', 'IT', 'TE', '5', 'E', 'LAB', 'ADO LAB', '1'),
(174, '40044', 'IT', 'TE', '5', 'E', 'LAB', 'ADO LAB', '2'),
(175, '40044', 'IT', 'TE', '5', 'E', 'LAB', 'ADO LAB', '3'),
(176, '40044', 'IT', 'TE', '5', 'E', 'LAB', 'ADO LAB', '4'),
(177, '40067', 'IT', 'BE', '7', 'E', 'Theory', 'AIDS2', ''),
(178, '40067', 'IT', 'BE', '7', 'E', 'LAB', 'DS LAB', '1'),
(179, '40067', 'IT', 'BE', '7', 'E', 'LAB', 'DS LAB', '2'),
(180, '40067', 'IT', 'BE', '7', 'E', 'LAB', 'DS LAB', '3'),
(181, '40067', 'IT', 'BE', '7', 'E', 'LAB', 'DS LAB', '4'),
(182, '40109', 'IT', 'TE', '5', 'E', 'Theory', 'ADMT/ADSA', ''),
(183, '40392', 'IT', 'BE', '7', 'E', 'Theory', 'IOE', ''),
(184, '40392', 'IT', 'BE', '7', 'E', 'LAB', 'IOE LAB', '1'),
(185, '40392', 'IT', 'BE', '7', 'E', 'LAB', 'IOE LAB', '2'),
(186, '40392', 'IT', 'BE', '7', 'E', 'LAB', 'IOE LAB', '3'),
(187, '40392', 'IT', 'BE', '7', 'E', 'LAB', 'IOE LAB', '4'),
(188, '40356', 'IT', 'TE', '5', 'E', 'Theory', 'SE', ''),
(189, '40356', 'IT', 'TE', '5', 'E', 'LAB', 'DO LAB', '1'),
(190, '40356', 'IT', 'TE', '5', 'E', 'LAB', 'DO LAB', '2'),
(191, '40356', 'IT', 'TE', '5', 'E', 'LAB', 'DO LAB', '3'),
(192, '40356', 'IT', 'TE', '5', 'E', 'LAB', 'DO LAB', '4'),
(193, '40508', 'IT', 'BE', '7', 'E', 'Theory', 'IS/SDQA', ''),
(194, '40508', 'IT', 'BE', '7', 'E', 'LAB', 'ROSP LAB', '1'),
(197, '40508', 'IT', 'BE', '7', 'E', 'LAB', 'ROSP LAB', '4'),
(198, '40529', 'IT', 'BE', '7', 'E', 'Theory', 'IRS', ''),
(199, '40533', 'IT', 'TE', '5', 'E', 'Theory', 'InP', ''),
(200, '40533', 'IT', 'TE', '5', 'E', 'LAB', 'InP LAB', '1'),
(201, '40533', 'IT', 'TE', '5', 'E', 'LAB', 'InP LAB', '2'),
(202, '40533', 'IT', 'TE', '5', 'E', 'LAB', 'InP LAB', '3'),
(203, '40533', 'IT', 'TE', '5', 'E', 'LAB', 'InP LAB', '4'),
(204, '40110', 'IT', 'TE', '5', 'E', 'Theory', 'EEB', ''),
(205, '40110', 'IT', 'TE', '5', 'E', 'LAB', 'SL LAB', '1'),
(206, '40110', 'IT', 'TE', '5', 'E', 'LAB', 'SL LAB', '2'),
(207, '40110', 'IT', 'TE', '5', 'E', 'LAB', 'SL LAB', '3'),
(208, '40110', 'IT', 'TE', '5', 'E', 'LAB', 'SL LAB', '4'),
(209, '40168', 'IT', 'BE', '7', 'E', 'LAB', 'ROSP LAB', '2'),
(210, '40168', 'IT', 'BE', '7', 'E', 'LAB', 'ROSP LAB', '3'),
(211, '40521', 'IT', 'BE', '7', 'E', 'LAB', 'SAD LAB', '1'),
(212, '40521', 'IT', 'BE', '7', 'E', 'LAB', 'SAD LAB', '2'),
(213, '40521', 'IT', 'BE', '7', 'E', 'LAB', 'SAD LAB', '3'),
(214, '40521', 'IT', 'BE', '7', 'E', 'LAB', 'SAD LAB', '4'),
(215, '40114', 'CE', 'TE', '5', 'D', 'Theory', 'SE', ''),
(216, '40403', 'CE', 'TE', '5', 'D', 'Theory', 'DWM', ''),
(217, '40403', 'ECS', 'TE', '5', 'B', 'Theory', 'WT', ''),
(218, '40389', 'IT', 'BE', '7', 'E', 'Theory', 'MIS', ''),
(219, '40389', 'Mechanical', 'BE', '7', 'H', 'Theory', 'MIS', ''),
(220, '40265', 'CE', 'TE', '5', 'C', 'Theory', 'PGM', ''),
(221, '40265', 'CE', 'TE', '5', 'D', 'Theory', 'PGM', ''),
(222, '40114', 'CE', 'TE', '5', 'D', 'LAB', 'SE LAB', '2'),
(223, '40114', 'CE', 'TE', '5', 'D', 'LAB', 'SE LAB', '3'),
(224, '40114', 'CE', 'TE', '5', 'D', 'LAB', 'SE LAB', '4'),
(225, '40110', 'CE', 'BE', '7', 'C', 'Theory', 'MIS', ''),
(226, '40110', 'CE', 'BE', '7', 'D', 'Theory', 'MIS', ''),
(227, '40514', 'EXTC', 'BE', '7', 'A', 'Theory', 'MIS', ''),
(228, '40536', 'CE', 'TE', '5', 'C', 'Theory', 'SE', ''),
(229, '40536', 'CE', 'TE', '5', 'C', 'LAB', 'SE LAB', '1'),
(230, '40536', 'CE', 'TE', '5', 'C', 'LAB', 'SE LAB', '2'),
(231, '40536', 'CE', 'TE', '5', 'C', 'LAB', 'SE LAB', '3'),
(232, '40536', 'CE', 'TE', '5', 'C', 'LAB', 'SE LAB', '4'),
(233, '40536', 'CE', 'TE', '5', 'D', 'LAB', 'SE LAB', '1'),
(234, '40490', 'IT', 'TE', '5', 'E', 'Theory', 'ADMT/ADSA', ''),
(235, '40312', 'CE', 'TE', '5', 'C', 'LAB', 'DWM LAB', '2'),
(236, '40048', 'CE', 'TE', '5', 'D', 'Theory', 'TCS', ''),
(237, '40037', 'CE', 'BE', '7', 'C', 'Theory', 'CSL', ''),
(238, '40037', 'CE', 'BE', '7', 'D', 'Theory', 'CSL', ''),
(239, '40037', 'IT', 'BE', '7', 'E', 'Theory', 'CSL', ''),
(240, '40108', 'EXTC', 'BE', '7', 'A', 'Theory', 'CSL', ''),
(241, '40108', 'Mechanical', 'BE', '7', 'H', 'Theory', 'CSL', ''),
(242, '40543', 'CE', 'BE', '7', 'C', 'LAB', 'ML LAB', '1'),
(243, '40543', 'CE', 'BE', '7', 'C', 'LAB', 'ML LAB', '2'),
(244, '40543', 'CE', 'BE', '7', 'C', 'LAB', 'ML LAB', '3'),
(245, '40108', 'CE', 'BE', '7', 'C', 'Theory', 'NLP', ''),
(247, '40108', 'CE', 'BE', '7', 'D', 'Theory', 'NLP', ''),
(248, '40350', 'CE', 'BE', '7', 'C', 'Theory', 'DMMM', ''),
(250, '40350', 'CE', 'BE', '7', 'D', 'Theory', 'DMMM', ''),
(252, '40350', 'EXTC', 'BE', '7', 'A', 'Theory', 'DMM', ''),
(255, '40350', 'IT', 'BE', '7', 'E', 'Theory', 'DMM', ''),
(258, '40350', 'Mechanical', 'BE', '7', 'F', 'Theory', 'DMMM', ''),
(259, '40337', 'CE', 'BE', '7', 'C', 'Theory', 'PLM', ''),
(260, '40337', 'CE', 'BE', '7', 'D', 'Theory', 'PLM', ''),
(261, '40337', 'IT', 'BE', '7', 'E', 'Theory', 'PLM', ''),
(262, '40337', 'EXTC', 'BE', '7', 'A', 'Theory', 'PLM', ''),
(263, '40337', 'Mechanical', 'BE', '7', 'F', 'Theory', 'PLM', ''),
(264, '40337', 'ppt', 'BE', '7', 'F', 'Theory', 'PLM', ''),
(265, '40108', 'CE', 'BE', '7', 'C', 'LAB', 'NLP LAB', '1'),
(266, '40108', 'CE', 'BE', '7', 'C', 'LAB', 'NLP LAB', '2'),
(267, '40108', 'CE', 'BE', '7', 'C', 'LAB', 'NLP LAB', '3'),
(268, '40108', 'CE', 'BE', '7', 'D', 'LAB', 'NLP LAB', '1'),
(269, '40108', 'CE', 'BE', '7', 'D', 'LAB', 'NLP LAB', '2'),
(270, '40108', 'CE', 'BE', '7', 'D', 'LAB', 'NLP LAB', '3'),
(271, '40403', 'CE', 'TE', '5', 'D', 'LAB', 'DWM LAB', '2'),
(272, '40403', 'CE', 'TE', '5', 'D', 'LAB', 'DWM LAB', '1'),
(273, '40403', 'CE', 'TE', '5', 'D', 'LAB', 'DWM LAB', '4'),
(274, '40535', 'CE', 'TE', '5', 'D', 'LAB', 'DWM LAB', '3');

-- --------------------------------------------------------

--
-- Table structure for table `status`
--

CREATE TABLE `status` (
  `status` int(1) NOT NULL,
  `id` int(1) NOT NULL
) ENGINE=InnoDB DEFAULT CHARSET=utf8mb4;

--
-- Dumping data for table `status`
--

INSERT INTO `status` (`status`, `id`) VALUES
(0, 1);

-- --------------------------------------------------------

--
-- Table structure for table `student`
--

CREATE TABLE `student` (
  `s_name` varchar(45) NOT NULL,
  `s_siesid` varchar(35) ,
  `s_prn` varchar(15) NOT NULL,
  `s_branch` varchar(15) NOT NULL,
  `s_year` varchar(10) NOT NULL,
  `s_semester` varchar(10) NOT NULL,
  `s_division` varchar(5) NOT NULL,
  `s_batch` varchar(10) NOT NULL,
  `s_dlo1` varchar(10) 
  `s_dlo2` varchar(10) 
  `s_ilo` varchar(10) 
) ENGINE=InnoDB DEFAULT CHARSET=utf8mb4;


--
-- Dumping data for table `student`
--

INSERT INTO `student` (`s_name`, `s_siesid`, `s_prn`, `s_branch`, `s_year`, `s_semester`, `s_division`, `s_batch`) VALUES
('Aditi Pathak', 'aditispce120@gst.sies.edu.in', '120A1001', 'CE', 'TE', '5', 'C', '1'),
('Aditi Sanjay Singh', '', '120A1002', 'CE', 'TE', '5', 'C', '1'),
('Nadar Ajesh Thangaraj', 'ajeshnce120@gst.SIES.edu.in', '120A1003', 'CE', 'TE', '5', 'C', '1'),
('Akshara Avinash Sarode', 'aksharasce120@gst.sies.edu.in', '120A1004', 'CE', 'TE', '5', 'C', '1'),
('B Janarthanan', 'janarthananbce120@gst.sies.edu.in', '120A1005', 'CE', 'TE', '5', 'C', '1'),
('Bannore Aaditya Manish Aparna', 'aadityabce120@gst.sies.edu.in', '120A1006', 'CE', 'TE', '5', 'C', '1'),
('Bhatt Sushant Ramesh', 'sushantbce120@gmail.com', '120A1007', 'CE', 'TE', '5', 'C', '1'),
('Bhoite Yash Vaibhav', '', '120A1008', 'CE', 'TE', '5', 'C', '1'),
('Bonde Aditya Shrikant', 'adityabce120@gst.sies.edu.in', '120A1009', 'CE', 'TE', '5', 'C', '1'),
('Chandane Soham Mayuresh', 'sohamcce120@gst.sies.edu.in', '120A1010', 'CE', 'TE', '5', 'C', '1'),
('Nikita Dnyanesh Chaudhari', 'nikitacce120@gst.sies.edu.in', '120A1011', 'CE', 'TE', '5', 'C', '1'),
('Vishakha Bhaskar Chaudhari', 'vishakhacce120@gst.sies.edu.in', '120A1012', 'CE', 'TE', '5', 'C', '1'),
('Dengle Rohan Ramesh', '', '120A1013', 'CE', 'TE', '5', 'C', '1'),
('Desai Tejas Manoj', '', '120A1014', 'CE', 'TE', '5', 'C', '1'),
('Sucharya Suresh Deshmukh', 'sucharyadce120@gst.sies.edu.in', '120A1015', 'CE', 'TE', '5', 'C', '1'),
('Dinesh P', 'dineshpce120@gst.sies.edu.in', '120A1016', 'CE', 'TE', '5', 'C', '1'),
('Faizankalam Abulkalam', 'faizankce120@gst.sies.edu.in', '120A1017', 'CE', 'TE', '5', 'C', '1'),
('Gabriel Nixon Raj', 'nixongce120@gst.sies.edu.in', '120A1018', 'CE', 'TE', '5', 'C', '2'),
('Ganeshan P A Nainar', 'ganeshannce120@gst.sies.edu.in', '120A1019', 'CE', 'TE', '5', 'C', '2'),
('Viraj Dnyanesh Gawade', 'virajgce120@gst.sies.edu.in', '120A1020', 'CE', 'TE', '5', 'C', '2'),
('Ghude Bhakti Shekhar', 'bhaktigce120@gst.sies.edu.in', '120A1021', 'CE', 'TE', '5', 'C', '2'),
('Guntka Saikiran Reddy Gopalrama Red', 'saikiranrce120@gst.sies.edu.in', '120A1022', 'CE', 'TE', '5', 'C', '2'),
('Harsh', 'harshwce120@gst.sies.edu.in', '120A1023', 'CE', 'TE', '5', 'C', '2'),
('Iyer Aishwarya Sriganesan', 'aishwaryaice120@gst.sies.edu.in', '120A1024', 'CE', 'TE', '5', 'C', '2'),
('Iyer Anjali Subramanian', 'anjaliice120@gst.sies.edu.in', '120A1025', 'CE', 'TE', '5', 'C', '2'),
('Iyer Mayank Dakshnesh', 'mayankice120@gst.sies.edu.in', '120A1026', 'CE', 'TE', '5', 'C', '2'),
('Iyer Varun Narayanan', '', '120A1027', 'CE', 'TE', '5', 'C', '2'),
('Jadhav Gaurav Dhanaji', 'gauravjce120@gst.sies.edu.in', '120A1028', 'CE', 'TE', '5', 'C', '2'),
('Madhavi Jagannath Jadhav', 'madhavijce120@gst.sies.edu.in', '120A1029', 'CE', 'TE', '5', 'C', '2'),
('Jadhav Vedant Vishwas', 'vedantjce120@gst.sies.edu.in', '120A1030', 'CE', 'TE', '5', 'C', '2'),
('Junaid Mohammad Basha', 'mohamedjunaidbce120@gst.sies.edu.in', '120A1031', 'CE', 'TE', '5', 'C', '2'),
('Jutika  Patil', 'jutikapce120@gst.sies.edu.in', '120A1032', 'CE', 'TE', '5', 'C', '2'),
('K Dineshraja T Kanthankumar', 'dineshrajakce120@gst.sies.edu.in', '120A1033', 'CE', 'TE', '5', 'C', '2'),
('Riya Shridhar Kadam', 'riyakce120@gst.sies.edu.in', '120A1034', 'CE', 'TE', '5', 'C', '2'),
('Kadam Sudhanshu Ravindra', 'sudhanshukce120@gst.sies.edu.in', '120A1035', 'CE', 'TE', '5', 'C', '3'),
('Kamble Omkar Shrikant', 'omkarkce120@gst.sies.edu.in', '120A1036', 'CE', 'TE', '5', 'C', '3'),
('Karmakar Indrajit Ananda', 'indrajitkce120@gst.sies.edu.in', '120A1037', 'CE', 'TE', '5', 'C', '3'),
('Kathpalia Nishant Tarun', 'nishantkce120@gst.sies.edu.in', '120A1038', 'CE', 'TE', '5', 'C', '3'),
('Kaustubh Sonawane', 'kaustubhsce120@gst.sies.edu..in', '120A1039', 'CE', 'TE', '5', 'C', '3'),
('Kevin Paul', 'kevinpce120@gst.sies.edu.in', '120A1040', 'CE', 'TE', '5', 'C', '3'),
('Siddhesh Subhash Khandagale', 'subhashsce120@gst.sies.edu.in', '120A1041', 'CE', 'TE', '5', 'C', '3'),
('Kmr Deepthi', 'deepthikce120@gst.sies.edu.in', '120A1042', 'CE', 'TE', '5', 'C', '3'),
('Kmr Preethi', 'preethikce120@gst.sies.edu.in', '120A1043', 'CE', 'TE', '5', 'C', '3'),
('Konar Vishnu Kannan', 'vishnukce120@gst.sies.edu.in', '120A1044', 'CE', 'TE', '5', 'C', '3'),
('Konde Ninad Dhanaji', 'ninadkce120@gst.sies.edu.in', '120A1045', 'CE', 'TE', '5', 'C', '3'),
('Mihika Rajendra Lokhande', '', '120A1046', 'CE', 'TE', '5', 'C', '3'),
('Madhavan Venkatesh', 'venkateshmce120@gst.sies.edu.in', '120A1047', 'CE', 'TE', '5', 'C', '3'),
('Pranav Dilip Mahadik', 'pranavmce120@gst.sies. edu.in', '120A1048', 'CE', 'TE', '5', 'C', '3'),
('Mahalaxmi Karthesan', 'karthesanmce120@gst.sies.edu.in', '120A1049', 'CE', 'TE', '5', 'C', '3'),
('Arwade Manasi Sachin', 'manasiace120@gst.sies.edu.in', '120A1050', 'CE', 'TE', '5', 'C', '3'),
('Samiksha Sharad Mane', 'samikshamce120@gst.sies.edu.in', '120A1051', 'CE', 'TE', '5', 'C', '3'),
('Mansi Santosh Kore', 'mansikce120@gst.sies.edu.in', '120A1052', 'CE', 'TE', '5', 'C', '3'),
('Maurya Aditi Dushyant', '', '120A1053', 'CE', 'TE', '5', 'C', '4'),
('Maurya Ananya Dushyant', 'ananyamce120@gst.sies.edu.in', '120A1054', 'CE', 'TE', '5', 'C', '4'),
('Mhatre Bhumika Pramod', 'bhumikace120@gst.sies.edu.in', '120A1055', 'CE', 'TE', '5', 'C', '4'),
('Mishra Mayank Sunil', 'mayankmce120@gst.sies.edu.in', '120A1056', 'CE', 'TE', '5', 'C', '4'),
('Mohammed Saahil Shafiullah Shaikh', 'saahilsce120@gst.sies.edu.in', '120A1057', 'CE', 'TE', '5', 'C', '4'),
('More Nachiket Vinay', 'nachiketmorece120@siesgst.ac.in', '120A1058', 'CE', 'TE', '5', 'C', '4'),
('Mrunmayee A Kulkarni', 'mrunmayeekce120@gst.sies.edu.in', '120A1059', 'CE', 'TE', '5', 'C', '4'),
('Nadar Ishita Chellapandian', 'ishitance120@gat.sies.edu.in', '120A1060', 'CE', 'TE', '5', 'C', '4'),
('Nadar Karan Kannan', 'karannce120@gst.sies.edu.in', '120A1061', 'CE', 'TE', '5', 'C', '4'),
('Madesh Kumar S K Naidu', 'madeshce120@gst.sies.edu.in', '120A1062', 'CE', 'TE', '5', 'C', '4'),
('Naidu Vignesh Nagarajan', 'vigneshnce120@gst.sies.edu.in', '120A1063', 'CE', 'TE', '5', 'C', '4'),
('Naikar Madhavan Dhanabalu', 'madhavannce120@gst.sies.edu in', '120A1064', 'CE', 'TE', '5', 'C', '4'),
('Nair Abhishek Sakthidharan', 'abhisheknce120@gst.sies.edu.in', '120A1065', 'CE', 'TE', '5', 'C', '4'),
('Nakhate Varada Sandeep', '', '120A1066', 'CE', 'TE', '5', 'C', '4'),
('Narayan Ananthakrishnan', 'ananthakrishnannce120@gst.sies.edu.', '120A1067', 'CE', 'TE', '5', 'C', '4'),
('Narkhede Sakshi Pramod', 'sakshinarkhedece120@siesgst.ac.in', '120A1068', 'CE', 'TE', '5', 'C', '4'),
('Nazeer Ahmed', '', '120A1069', 'CE', 'TE', '5', 'C', '4'),
('Nuha Modak', 'nuhamce120@gst.sies.edu.in', '120A1070', 'CE', 'TE', '5', 'C', '4'),
('Pal Kiran Satyavan', '', '120A1071', 'CE', 'TE', '5', 'D', '1'),
('Pandian Subhashree Appavu', '', '120A1072', 'CE', 'TE', '5', 'D', '1'),
('Patil Aditya Subhash', '', '120A1073', 'CE', 'TE', '5', 'D', '1'),
('Patil Ajinkya Manoj', '', '120A1074', 'CE', 'TE', '5', 'D', '1'),
('Patil Hitesh Ajitkumar', '', '120A1075', 'CE', 'TE', '5', 'D', '1'),
('Patil Mayuresh Shyam', '', '120A1076', 'CE', 'TE', '5', 'D', '1'),
('Patil Sanika Sushant', '', '120A1077', 'CE', 'TE', '5', 'D', '1'),
('Patil Shruti Prakash', '', '120A1078', 'CE', 'TE', '5', 'D', '1'),
('Patil Yash Dattaprasad', '', '120A1079', 'CE', 'TE', '5', 'D', '1'),
('Vaibhav Tukaram Pawar', '', '120A1080', 'CE', 'TE', '5', 'D', '1'),
('Ganeshraman Muthuraman Pillai', '', '120A1081', 'CE', 'TE', '5', 'D', '1'),
('Pillai Surya Ashok Kumar', '', '120A1082', 'CE', 'TE', '5', 'D', '1'),
('Posharkar Sufyain Salim', '', '120A1083', 'CE', 'TE', '5', 'D', '1'),
('Punde Tejas Shailendra', '', '120A1084', 'CE', 'TE', '5', 'D', '1'),
('Raunak Gurud', '', '120A1085', 'CE', 'TE', '5', 'D', '1'),
('Reddy Hitesh Rajesh', '', '120A1086', 'CE', 'TE', '5', 'D', '1'),
('Rishab Rajesh Nair', '', '120A1087', 'CE', 'TE', '5', 'D', '1'),
('Rohan Jainarayan Dobarkar', '', '120A1088', 'CE', 'TE', '5', 'D', '2'),
('S Parameswaran K S Subramanian', '', '120A1089', 'CE', 'TE', '5', 'D', '2'),
('S Ramprakash', '', '120A1090', 'CE', 'TE', '5', 'D', '2'),
('Samuel Selvakumar', '', '120A1091', 'CE', 'TE', '5', 'D', '2'),
('Sajeev Chandran', '', '120A1092', 'CE', 'TE', '5', 'D', '2'),
('Samiksha Shrikant Iyengar', '', '120A1093', 'CE', 'TE', '5', 'D', '2'),
('Badkul Samyak Manoj', '', '120A1094', 'CE', 'TE', '5', 'D', '2'),
('Shadhaa Mohammad Farookh', '', '120A1095', 'CE', 'TE', '5', 'D', '2'),
('Shahane Sahil Sagar', '', '120A1096', 'CE', 'TE', '5', 'D', '2'),
('Shaikh Abdul Kalam', '', '120A1097', 'CE', 'TE', '5', 'D', '2'),
('Sharma Kartik Lalit', '', '120A1098', 'CE', 'TE', '5', 'D', '2'),
('Shashank Deep', '', '120A1099', 'CE', 'TE', '5', 'D', '2'),
('Shedge Yash Anandrao', '', '120A1100', 'CE', 'TE', '5', 'D', '2'),
('Shetty Devesh Dinesh', '', '120A1101', 'CE', 'TE', '5', 'D', '2'),
('Shetty Nimith Gangadhar', '', '120A1102', 'CE', 'TE', '5', 'D', '2'),
('Shetty Spoorti Rajat', '', '120A1103', 'CE', 'TE', '5', 'D', '2'),
('Shinde Saurabh Rajendra', '', '120A1104', 'CE', 'TE', '5', 'D', '2'),
('Shradha Kush Sahu', '', '120A1105', 'CE', 'TE', '5', 'D', '3'),
('Shubham Gajendra Yadav', '', '120A1106', 'CE', 'TE', '5', 'D', '3'),
('Siddharth Veeramani', '', '120A1107', 'CE', 'TE', '5', 'D', '3'),
('Singh Divya Manojkumar', '', '120A1108', 'CE', 'TE', '5', 'D', '3'),
('Singh Durgesh Sanjeevkumar', '', '120A1109', 'CE', 'TE', '5', 'D', '3'),
('Singh Sahil Umesh', '', '120A1110', 'CE', 'TE', '5', 'D', '3'),
('Singh Siddhant Arvind', '', '120A1111', 'CE', 'TE', '5', 'D', '3'),
('Sreerag M Rajesh Babu', '', '120A1112', 'CE', 'TE', '5', 'D', '3'),
('Sohamm Dhananjay Swamy', '', '120A1113', 'CE', 'TE', '5', 'D', '3'),
('Tanish  Chetan', '', '120A1114', 'CE', 'TE', '5', 'D', '3'),
('Thasale Sakshi Samir', '', '120A1115', 'CE', 'TE', '5', 'D', '3'),
('Thevar Ramesh Paramasivam', '', '120A1116', 'CE', 'TE', '5', 'D', '3'),
('Tiwari Abhishek Sanjeev', '', '120A1117', 'CE', 'TE', '5', 'D', '3'),
('Unkule Sanskar Sandeep', '', '120A1118', 'CE', 'TE', '5', 'D', '3'),
('Valluvar Annalaxmi Anandraj', '', '120A1119', 'CE', 'TE', '5', 'D', '3'),
('Vangari Sahil Ashok', '', '120A1120', 'CE', 'TE', '5', 'D', '3'),
('Varun Ganesh Sondur', '', '120A1121', 'CE', 'TE', '5', 'D', '3'),
('Vegesna Srianjana Laxmipati Raju', '', '120A1122', 'CE', 'TE', '5', 'D', '4'),
('Velmurgan Santhanam', '', '120A1123', 'CE', 'TE', '5', 'D', '4'),
('Sahil Ashok Wake', '', '120A1124', 'CE', 'TE', '5', 'D', '4'),
('Wani Bhavika Sanjiv', '', '120A1125', 'CE', 'TE', '5', 'D', '4'),
('Yashwante Pratham Vikas', '', '120A1126', 'CE', 'TE', '5', 'D', '4'),
('AAKASH GHADGE', '', '221A1127', 'CE', 'TE', '5', 'D', '4'),
('AKSHAY KUMAR SHIV KUMAR', '', '221A1128', 'CE', 'TE', '5', 'D', '4'),
('BHOIR ASHISH BABAN', '', '221A1129', 'CE', 'TE', '5', 'D', '4'),
('KADAM ADITI RAJENDRA', '', '221A1130', 'CE', 'TE', '5', 'D', '4'),
('KAMAT MOHAK VIKAS', '', '221A1131', 'CE', 'TE', '5', 'D', '4'),
('KONAR KALIRAJ SUBBIAH', '', '221A1132', 'CE', 'TE', '5', 'D', '4'),
('MOHAMED FAHADH NAWAZ JAKIR HUSSAIN', '', '221A1133', 'CE', 'TE', '5', 'D', '4'),
('MOHAMMED SUHAIL SHAIKH', '', '221A1134', 'CE', 'TE', '5', 'D', '4'),
('PRATHAM SUHASIA', '', '221A1135', 'CE', 'TE', '5', 'D', '4'),
('SNEHA BHASKAR MAHAJAN', '', '221A1136', 'CE', 'TE', '5', 'D', '4'),
('TATTU RIYA RAMESH', '', '221A1137', 'CE', 'TE', '5', 'D', '4'),
('VIGHNESH VENKATESH', '', '221A1138', 'CE', 'TE', '5', 'D', '4'),
('AAKANKSHA BHATT', '', '119A1001', 'CE', 'BE', '7', 'C', '1'),
('ABHISHEK ESAKKIAPPAN', '', '119A1002', 'CE', 'BE', '7', 'C', '1'),
('ADITYA KRISHNA', '', '119A1003', 'CE', 'BE', '7', 'C', '1'),
('ADITYA RAMAKRISHNAN', '', '119A1004', 'CE', 'BE', '7', 'C', '1'),
('AISHWARYA VELUMANI', '', '119A1005', 'CE', 'BE', '7', 'C', '1'),
('AKSHAT VIMAL RAWAT', '', '119A1006', 'CE', 'BE', '7', 'C', '1'),
('AKSHAY SRIKANTH', '', '119A1007', 'CE', 'BE', '7', 'C', '1'),
('ANANYA LAKSHMANAN', '', '119A1008', 'CE', 'BE', '7', 'C', '1'),
('ANANYAA SRIDHAR', '', '119A1009', 'CE', 'BE', '7', 'C', '1'),
('ANIRUDH RAJARAM', '', '119A1010', 'CE', 'BE', '7', 'C', '1'),
('ANIRUDH VENUGOPAL', '', '119A1011', 'CE', 'BE', '7', 'C', '1'),
('ANUSHIKA BALAMURGAN', '', '119A1012', 'CE', 'BE', '7', 'C', '1'),
('KOMBE AYUSHI RAJESH ', '', '119A1013', 'CE', 'BE', '7', 'C', '1'),
('BHAMARE VEDANT NARENDRA', '', '119A1014', 'CE', 'BE', '7', 'C', '1'),
('BORKAR ANAND PRASHANT', '', '119A1015', 'CE', 'BE', '7', 'C', '1'),
('CHAURASIYA SAMPRIT JITENDRA', '', '119A1016', 'CE', 'BE', '7', 'C', '2'),
('CHETTIYAR SRIVARI CHANDRABABU', '', '119A1017', 'CE', 'BE', '7', 'C', '2'),
('DESHMUKH MINOTI MINAR', '', '119A1018', 'CE', 'BE', '7', 'C', '2'),
('DESHMUKH SUCHIT SURESH', '', '119A1019', 'CE', 'BE', '7', 'C', '2'),
('DHAPOLA YASH LALITSINGH', '', '119A1020', 'CE', 'BE', '7', 'C', '2'),
('SUVARNA DHRUV SANJEEV ', '', '119A1021', 'CE', 'BE', '7', 'C', '2'),
('BAWASKAR ESHA PRATIM ', '', '119A1022', 'CE', 'BE', '7', 'C', '2'),
('KARANDE GAURAV KAILAS ', '', '119A1023', 'CE', 'BE', '7', 'C', '2'),
('GAWAS PRATHAMESH SHRIPAT', '', '119A1024', 'CE', 'BE', '7', 'C', '2'),
('ISHAA IDAYATULLAH ABDUL', '', '119A1025', 'CE', 'BE', '7', 'C', '2'),
('BHARGAVA ISHITA KAPIL ', '', '119A1026', 'CE', 'BE', '7', 'C', '2'),
('IYER KARTHIK KRISHNAN', '', '119A1027', 'CE', 'BE', '7', 'C', '2'),
('IYER SHRUTI SURESH', '', '119A1028', 'CE', 'BE', '7', 'C', '2'),
('JAIRAJ MAHADEV', '', '119A1029', 'CE', 'BE', '7', 'C', '2'),
('IYER JANANI KUMARAGURUBHARAN ', '', '119A1030', 'CE', 'BE', '7', 'C', '2'),
('JAWALIKAR NIRANJAN AVINASH', '', '119A1031', 'CE', 'BE', '7', 'C', '2'),
('K GAURI KRISHNAMOORTHY', '', '119A1032', 'CE', 'BE', '7', 'C', '2'),
('K KARAN RAJ', '', '119A1033', 'CE', 'BE', '7', 'C', '3'),
('KANISHKA RAINA', '', '119A1034', 'CE', 'BE', '7', 'C', '3'),
('KARTEKEYAAN RAGHAVAN', '', '119A1035', 'CE', 'BE', '7', 'C', '3'),
('KAUSHIK SHRIDHAR', '', '119A1036', 'CE', 'BE', '7', 'C', '3'),
('KONAR SUHASINI ARUMUGAM', '', '119A1037', 'CE', 'BE', '7', 'C', '3'),
('KUNAL SONI', '', '119A1038', 'CE', 'BE', '7', 'C', '3'),
('MANGHI NIPUN SANJEEV', '', '119A1039', 'CE', 'BE', '7', 'C', '3'),
('MANISH RADHAKRISHNAN VENKATESWARAN', '', '119A1040', 'CE', 'BE', '7', 'C', '3'),
('MANOJ INBARAJAN', '', '119A1041', 'CE', 'BE', '7', 'C', '3'),
('MAPARI ABDULLAH KADAR', '', '119A1042', 'CE', 'BE', '7', 'C', '3'),
('RAGHUWANSHI MAYANK ', '', '119A1043', 'CE', 'BE', '7', 'C', '3'),
('MHASKE SHREYA JAGDISH', '', '119A1044', 'CE', 'BE', '7', 'C', '3'),
('MONISH RAKESH', '', '119A1045', 'CE', 'BE', '7', 'C', '3'),
('MORASKAR SARVESH SANTOSH', '', '119A1046', 'CE', 'BE', '7', 'C', '3'),
('MUKUNDAN', '', '119A1048', 'CE', 'BE', '7', 'C', '3'),
('NADAR GAYATHRI LINGARAJ', '', '119A1049', 'CE', 'BE', '7', 'C', '3'),
('NADAR MEGHA SUTHARSON', '', '119A1050', 'CE', 'BE', '7', 'D', '1'),
('NAIDU VAISHNAVI SHIVAJI VIMAL', '', '119A1051', 'CE', 'BE', '7', 'D', '1'),
('NANDITA NANDAKUMAR', '', '119A1052', 'CE', 'BE', '7', 'D', '1'),
('PADAYACHI VASU KRISHNAMURTHI', '', '119A1053', 'CE', 'BE', '7', 'D', '1'),
('PARAB AYUSH PRAKASH', '', '119A1054', 'CE', 'BE', '7', 'D', '1'),
('PATHARE TANVI PRAMOD', '', '119A1055', 'CE', 'BE', '7', 'D', '1'),
('PATIL ANIRUDDHA SHRIKANT', '', '119A1056', 'CE', 'BE', '7', 'D', '1'),
('PILLAI SAHIL SUNIL EKTA', '', '119A1057', 'CE', 'BE', '7', 'D', '1'),
('POTTEKAT POURNAMI BIJOY', '', '119A1058', 'CE', 'BE', '7', 'D', '1'),
('POURNIMA THAKARE', '', '119A1059', 'CE', 'BE', '7', 'D', '1'),
('R S INDUJA', '', '119A1060', 'CE', 'BE', '7', 'D', '1'),
('R S SUGANRAJ', '', '119A1061', 'CE', 'BE', '7', 'D', '1'),
('RAVI RAMASWAMY VIDYA', '', '119A1062', 'CE', 'BE', '7', 'D', '1'),
('RISHIKESH VAIBHAV GHARAT', '', '119A1063', 'CE', 'BE', '7', 'D', '1'),
('ROHIT RAGHURAM', '', '119A1064', 'CE', 'BE', '7', 'D', '1'),
('FALMARE RUTUJEET BHAGVANT ', '', '119A1065', 'CE', 'BE', '7', 'D', '1'),
('SAAHITH AMARNATH SHETTY', '', '119A1066', 'CE', 'BE', '7', 'D', '1'),
('SAGNIK CHAKRABORTY', '', '119A1067', 'CE', 'BE', '7', 'D', '1'),
('CHITRAJU SAI ROHIT ', '', '119A1068', 'CE', 'BE', '7', 'D', '1'),
('SALIAN PRANAV DEEPAK', '', '119A1069', 'CE', 'BE', '7', 'D', '2'),
('DALVI SANDESH SANTOSH ', '', '119A1070', 'CE', 'BE', '7', 'D', '2'),
('SHAIKH MOHAMMED JUNAID INAYATULLA', '', '119A1071', 'CE', 'BE', '7', 'D', '2'),
('SHAIKH MOHAMMED USAMA MOHMED RAFI', '', '119A1072', 'CE', 'BE', '7', 'D', '2'),
('SHARDUL GORE', '', '119A1073', 'CE', 'BE', '7', 'D', '2'),
('SHETTY PRAPTHI JAYKAR', '', '119A1074', 'CE', 'BE', '7', 'D', '2'),
('SHINDE VARUN VILAS', '', '119A1075', 'CE', 'BE', '7', 'D', '2'),
('SHETTY SHINIT DINESH ', '', '119A1076', 'CE', 'BE', '7', 'D', '2'),
('IYER SHRIRAMAN SWANINATHAN ', '', '119A1077', 'CE', 'BE', '7', 'D', '2'),
('SHYAMSUNDER T N SUBRAMANIAM', '', '119A1078', 'CE', 'BE', '7', 'D', '2'),
('SHETTY SIDDESH UMANATH ', '', '119A1079', 'CE', 'BE', '7', 'D', '2'),
('JADHAV SIDDHARTH SANDEEP ', '', '119A1080', 'CE', 'BE', '7', 'D', '2'),
('SINGH KOMAL RAJESHWAR PRASAD', '', '119A1081', 'CE', 'BE', '7', 'D', '2'),
('SNEHA RANA', '', '119A1082', 'CE', 'BE', '7', 'D', '2'),
('SNEHA SHAJI', '', '119A1083', 'CE', 'BE', '7', 'D', '2'),
('SNEHAL HANAMANT JADHAV', '', '119A1084', 'CE', 'BE', '7', 'D', '2'),
('SRIHARI PADMANABHAN', '', '119A1085', 'CE', 'BE', '7', 'D', '2'),
('SRUTHI PANKAJAKSHAN', '', '119A1087', 'CE', 'BE', '7', 'D', '2'),
('SRUTHISRI VENKATESWARAN', '', '119A1088', 'CE', 'BE', '7', 'D', '2'),
('JADHAV SUHAS KRISHNAT ', '', '119A1089', 'CE', 'BE', '7', 'D', '3'),
('TAWTE ANUSHKA NITIN', '', '119A1090', 'CE', 'BE', '7', 'D', '3'),
('THETE PRATIK BALASAHEB', '', '119A1091', 'CE', 'BE', '7', 'D', '3'),
('THEVAR ESAKKIAPPAN MURUGAN', '', '119A1092', 'CE', 'BE', '7', 'D', '3'),
('TUPDALE UMESH UTTAM ', '', '119A1093', 'CE', 'BE', '7', 'D', '3'),
('VAISHNAVI ANANDAKRISHNAN', '', '119A1094', 'CE', 'BE', '7', 'D', '3'),
('KADAM VIGHNESH SURENDRA ', '', '119A1095', 'CE', 'BE', '7', 'D', '3'),
('MUDALIAR VIGHNESH VENKATESH ', '', '119A1096', 'CE', 'BE', '7', 'D', '3'),
('WATHARE SANSKRUTI BHUSHAN', '', '119A1097', 'CE', 'BE', '7', 'D', '3'),
('GAIKWAD ANKIT SUNIL', '', '119A1098', 'CE', 'BE', '7', 'D', '3'),
('TUSHAR HIRALAL RAINA', '', '118A1065', 'CE', 'BE', '7', 'D', '3'),
('VINAY ANNA DAMODAR YADAV', '', '117A1094', 'CE', 'BE', '7', 'D', '3'),
('Iyer Jatin Balamurali ', '', '220A1099', 'CE', 'BE', '7', 'D', '3'),
('Kadam Ishwari Santosh ', '', '220A1100', 'CE', 'BE', '7', 'D', '3'),
('Lohitaksh Rewari', '', '220A1101', 'CE', 'BE', '7', 'D', '3'),
('Naidu Venkatesh Doraibabu ', '', '220A1102', 'CE', 'BE', '7', 'D', '3'),
('Nandekar Pooja Anand ', '', '220A1103', 'CE', 'BE', '7', 'D', '3'),
('Prasad Chandrashekar Iyer', '', '220A1104', 'CE', 'BE', '7', 'D', '3'),
('Singh Rishabh Suresh ', '', '220A1105', 'CE', 'BE', '7', 'D', '3'),
('Sridhar Krishnan ', '', '220A1106', 'CE', 'BE', '7', 'D', '3'),
('Venkateshwar Ukkiatan Mani ', '', '220A1107', 'CE', 'BE', '7', 'D', '3'),
('Sravya Prasad Gade', '', '216A1102', 'CE', 'BE', '7', 'D', '3'),
('PACHODE CHETNA BABAN', '', '118A4023', 'ppt', 'TE', '5', 'F', '1'),
('SUBRAMANI  SHARAN M K', '', '118A4030', 'ppt', 'TE', '5', 'F', '1'),
('TIWARI AKSHAY DILIPPRASAD', '', '118A4036', 'ppt', 'TE', '5', 'F', '1'),
('VASHI DHRUVIN MANISH', '', '118A4037', 'ppt', 'TE', '5', 'F', '1'),
('ANAGHA ANILKUMAR T', '', '119A4001', 'ppt', 'TE', '5', 'F', '1'),
('BHALERAO YOGESH JAGDISH', '', '119A4002', 'ppt', 'TE', '5', 'F', '1'),
('BHAMRE SUDARSHAN VINOD', '', '119A4003', 'ppt', 'TE', '5', 'F', '1'),
('BHAT SUDARSHAN RAJARAM', '', '119A4004', 'ppt', 'TE', '5', 'F', '1'),
('BHOSALE SWARANGI', '', '119A4005', 'ppt', 'TE', '5', 'F', '1'),
('CHANDNIWALA AYAAN SAEED', '', '119A4006', 'ppt', 'TE', '5', 'F', '1'),
('JADE CHETANA NITIN ', '', '119A4007', 'ppt', 'TE', '5', 'F', '1'),
('GADGE ABHISHEK BHAGAJI', '', '119A4008', 'ppt', 'TE', '5', 'F', '1'),
('IYER HARITHA V MAHALINGAM', '', '119A4009', 'ppt', 'TE', '5', 'F', '1'),
('IYER SAMRIDHI SRINIVASAN', '', '119A4010', 'ppt', 'TE', '5', 'F', '1'),
('JAGTAP ABHISHEK VIJAY', '', '119A4011', 'ppt', 'TE', '5', 'F', '1'),
('JOSHI SHUBHAM GANESH', '', '119A4012', 'ppt', 'TE', '5', 'F', '1'),
('SONARE KSHITIJ PRADEEP ', '', '119A4013', 'ppt', 'TE', '5', 'F', '1'),
('KURADE HARSHADA UTTAM', '', '119A4014', 'ppt', 'TE', '5', 'F', '1'),
('MOMIN MUSKAAN LALMOHAMMED', '', '119A4015', 'ppt', 'TE', '5', 'F', '2'),
('RAJURKAR HARSHADA VILAS', '', '119A4016', 'ppt', 'TE', '5', 'F', '2'),
('SALUNKHE PRASAD AMOL', '', '119A4017', 'ppt', 'TE', '5', 'F', '2'),
('SANDHVI THAKUR', '', '119A4018', 'ppt', 'TE', '5', 'F', '2'),
('SNEHA BERA', '', '119A4020', 'ppt', 'TE', '5', 'F', '2'),
('KESHARWANI SUBHANKAR ASHOK ', '', '119A4021', 'ppt', 'TE', '5', 'F', '2'),
('UDAR VISHAL SANJAY', '', '119A4022', 'ppt', 'TE', '5', 'F', '2'),
('VISHWAKARMA POONAM RAJENDRA', '', '119A4023', 'ppt', 'TE', '5', 'F', '2'),
('WANKHEDE KUNAL SANJAY', '', '119A4024', 'ppt', 'TE', '5', 'F', '2'),
('NARSALE SHUBHAM VILAS', '', '119A4025', 'ppt', 'TE', '5', 'F', '2'),
('APTE  NIMISHA NILESH', '', '220A4026', 'ppt', 'TE', '5', 'F', '2'),
('AKANKSHA POPAT AUTI ', '', '220A4027', 'ppt', 'TE', '5', 'F', '2'),
('BEDARKAR SIDDHI PRAMODRAO', '', '220A4028', 'ppt', 'TE', '5', 'F', '2'),
('BHALERAO SHEETAL SANTOSH', '', '220A4029', 'ppt', 'TE', '5', 'F', '2'),
('BHOITE PRATHAMESH SANDEEP', '', '220A4030', 'ppt', 'TE', '5', 'F', '2'),
('BORWADE RUCHA MUKUND', '', '220A4031', 'ppt', 'TE', '5', 'F', '2'),
('CHAUDHARI YATIN KISHOR', '', '220A4032', 'ppt', 'TE', '5', 'F', '2'),
('AKHILESH SANJAY CHAUKEKAR ', '', '220A4033', 'ppt', 'TE', '5', 'F', '2'),
('DARSHAN HONNESH ', '', '220A4034', 'ppt', 'TE', '5', 'F', '3'),
('GANESH RAMCHANDRA NIMBALKAR ', '', '220A4035', 'ppt', 'TE', '5', 'F', '3'),
('KISHOR LAHU GUJAR', '', '220A4036', 'ppt', 'TE', '5', 'F', '3'),
('INGALE DIPAK BHIMRAO', '', '220A4037', 'ppt', 'TE', '5', 'F', '3'),
('KAPSE RUSHIKESH RANGNATH', '', '220A4038', 'ppt', 'TE', '5', 'F', '3'),
('KASURDE RUSHIKESH VISHWAS', '', '220A4039', 'ppt', 'TE', '5', 'F', '3'),
('KATARE DNYANESHWAR VINOD', '', '220A4040', 'ppt', 'TE', '5', 'F', '3'),
('KHOT NANDKUMAR BABASO', '', '220A4041', 'ppt', 'TE', '5', 'F', '3'),
('KOKANE PAVAN RAMDAS', '', '220A4042', 'ppt', 'TE', '5', 'F', '3'),
('LATE BHAGAWAT BALIRAM', '', '220A4043', 'ppt', 'TE', '5', 'F', '3'),
('AARAN RAZY LEMOS ', '', '220A4044', 'ppt', 'TE', '5', 'F', '3'),
('UMESH RAJU LODHE', '', '220A4045', 'ppt', 'TE', '5', 'F', '3'),
('NAVALE AKASH HARIDAS', '', '220A4046', 'ppt', 'TE', '5', 'F', '3'),
('KUNAL SUNIL PAGARE ', '', '220A4047', 'ppt', 'TE', '5', 'F', '3'),
('PARDESHI KRUSHNA VISHNU', '', '220A4048', 'ppt', 'TE', '5', 'F', '3'),
('PRASHANTH VELMURUGAN', '', '220A4049', 'ppt', 'TE', '5', 'F', '3'),
('SAMEER SANJAY BANKAR ', '', '220A4050', 'ppt', 'TE', '5', 'F', '3'),
('SAMEER SUDHIR SAWANT ', '', '220A4051', 'ppt', 'TE', '5', 'F', '3'),
('AKSHAY TULSHIRAM WANGEKAR ', '', '220A4052', 'ppt', 'TE', '5', 'F', '3'),
('PACHODE CHETNA BABAN', '', '118A4023', 'ppt', 'BE', '7', 'F', '1'),
('SUBRAMANI  SHARAN M K', '', '118A4030', 'ppt', 'BE', '7', 'F', '1'),
('TIWARI AKSHAY DILIPPRASAD', '', '118A4036', 'ppt', 'BE', '7', 'F', '1'),
('VASHI DHRUVIN MANISH', '', '118A4037', 'ppt', 'BE', '7', 'F', '1'),
('ANAGHA ANILKUMAR T', '', '119A4001', 'ppt', 'BE', '7', 'F', '1'),
('BHALERAO YOGESH JAGDISH', '', '119A4002', 'ppt', 'BE', '7', 'F', '1'),
('BHAMRE SUDARSHAN VINOD', '', '119A4003', 'ppt', 'BE', '7', 'F', '1'),
('BHAT SUDARSHAN RAJARAM', '', '119A4004', 'ppt', 'BE', '7', 'F', '1'),
('BHOSALE SWARANGI', '', '119A4005', 'ppt', 'BE', '7', 'F', '1'),
('CHANDNIWALA AYAAN SAEED', '', '119A4006', 'ppt', 'BE', '7', 'F', '1'),
('JADE CHETANA NITIN ', '', '119A4007', 'ppt', 'BE', '7', 'F', '1'),
('GADGE ABHISHEK BHAGAJI', '', '119A4008', 'ppt', 'BE', '7', 'F', '1'),
('IYER HARITHA V MAHALINGAM', '', '119A4009', 'ppt', 'BE', '7', 'F', '1'),
('IYER SAMRIDHI SRINIVASAN', '', '119A4010', 'ppt', 'BE', '7', 'F', '1'),
('JAGTAP ABHISHEK VIJAY', '', '119A4011', 'ppt', 'BE', '7', 'F', '1'),
('JOSHI SHUBHAM GANESH', '', '119A4012', 'ppt', 'BE', '7', 'F', '1'),
('SONARE KSHITIJ PRADEEP ', '', '119A4013', 'ppt', 'BE', '7', 'F', '1'),
('KURADE HARSHADA UTTAM', '', '119A4014', 'ppt', 'BE', '7', 'F', '1'),
('MOMIN MUSKAAN LALMOHAMMED', '', '119A4015', 'ppt', 'BE', '7', 'F', '2'),
('RAJURKAR HARSHADA VILAS', '', '119A4016', 'ppt', 'BE', '7', 'F', '2'),
('SALUNKHE PRASAD AMOL', '', '119A4017', 'ppt', 'BE', '7', 'F', '2'),
('SANDHVI THAKUR', '', '119A4018', 'ppt', 'BE', '7', 'F', '2'),
('SNEHA BERA', '', '119A4020', 'ppt', 'BE', '7', 'F', '2'),
('KESHARWANI SUBHANKAR ASHOK ', '', '119A4021', 'ppt', 'BE', '7', 'F', '2'),
('UDAR VISHAL SANJAY', '', '119A4022', 'ppt', 'BE', '7', 'F', '2'),
('VISHWAKARMA POONAM RAJENDRA', '', '119A4023', 'ppt', 'BE', '7', 'F', '2'),
('WANKHEDE KUNAL SANJAY', '', '119A4024', 'ppt', 'BE', '7', 'F', '2'),
('NARSALE SHUBHAM VILAS', '', '119A4025', 'ppt', 'BE', '7', 'F', '2'),
('APTE  NIMISHA NILESH', '', '220A4026', 'ppt', 'BE', '7', 'F', '2'),
('AKANKSHA POPAT AUTI ', '', '220A4027', 'ppt', 'BE', '7', 'F', '2'),
('BEDARKAR SIDDHI PRAMODRAO', '', '220A4028', 'ppt', 'BE', '7', 'F', '2'),
('BHALERAO SHEETAL SANTOSH', '', '220A4029', 'ppt', 'BE', '7', 'F', '2'),
('BHOITE PRATHAMESH SANDEEP', '', '220A4030', 'ppt', 'BE', '7', 'F', '2'),
('BORWADE RUCHA MUKUND', '', '220A4031', 'ppt', 'BE', '7', 'F', '2'),
('CHAUDHARI YATIN KISHOR', '', '220A4032', 'ppt', 'BE', '7', 'F', '2'),
('AKHILESH SANJAY CHAUKEKAR ', '', '220A4033', 'ppt', 'BE', '7', 'F', '2'),
('DARSHAN HONNESH ', '', '220A4034', 'ppt', 'BE', '7', 'F', '3'),
('GANESH RAMCHANDRA NIMBALKAR ', '', '220A4035', 'ppt', 'BE', '7', 'F', '3'),
('KISHOR LAHU GUJAR', '', '220A4036', 'ppt', 'BE', '7', 'F', '3'),
('INGALE DIPAK BHIMRAO', '', '220A4037', 'ppt', 'BE', '7', 'F', '3'),
('KAPSE RUSHIKESH RANGNATH', '', '220A4038', 'ppt', 'BE', '7', 'F', '3'),
('KASURDE RUSHIKESH VISHWAS', '', '220A4039', 'ppt', 'BE', '7', 'F', '3'),
('KATARE DNYANESHWAR VINOD', '', '220A4040', 'ppt', 'BE', '7', 'F', '3'),
('KHOT NANDKUMAR BABASO', '', '220A4041', 'ppt', 'BE', '7', 'F', '3'),
('KOKANE PAVAN RAMDAS', '', '220A4042', 'ppt', 'BE', '7', 'F', '3'),
('LATE BHAGAWAT BALIRAM', '', '220A4043', 'ppt', 'BE', '7', 'F', '3'),
('AARAN RAZY LEMOS ', '', '220A4044', 'ppt', 'BE', '7', 'F', '3'),
('UMESH RAJU LODHE', '', '220A4045', 'ppt', 'BE', '7', 'F', '3'),
('NAVALE AKASH HARIDAS', '', '220A4046', 'ppt', 'BE', '7', 'F', '3'),
('KUNAL SUNIL PAGARE ', '', '220A4047', 'ppt', 'BE', '7', 'F', '3'),
('PARDESHI KRUSHNA VISHNU', '', '220A4048', 'ppt', 'BE', '7', 'F', '3'),
('PRASHANTH VELMURUGAN', '', '220A4049', 'ppt', 'BE', '7', 'F', '3'),
('SAMEER SANJAY BANKAR ', '', '220A4050', 'ppt', 'BE', '7', 'F', '3'),
('SAMEER SUDHIR SAWANT ', '', '220A4051', 'ppt', 'BE', '7', 'F', '3'),
('AKSHAY TULSHIRAM WANGEKAR ', '', '220A4052', 'ppt', 'BE', '7', 'F', '3'),
('ADITYA PRASHANT MAHAJAN', '', '120A2001', 'EXTC', 'TE', '5', 'A', '1'),
('AKSHAYA REGHU', '', '120A2002', 'EXTC', 'TE', '5', 'A', '1'),
('ANSH KASBE', '', '120A2003', 'EXTC', 'TE', '5', 'A', '1'),
('AREKAR PRASAD VISHWAS', '', '120A2004', 'EXTC', 'TE', '5', 'A', '1'),
('ARMAAN MISHRA', '', '120A2005', 'EXTC', 'TE', '5', 'A', '1'),
('ASIMSUHAIL A S', '', '120A2006', 'EXTC', 'TE', '5', 'A', '1'),
('AYUSH RAJEEVAN', '', '120A2007', 'EXTC', 'TE', '5', 'A', '1'),
('BALA RAHUL SUBRAMANIAN', '', '120A2008', 'EXTC', 'TE', '5', 'A', '1'),
('BHATDE RUSHIKESH UDAY', '', '120A2009', 'EXTC', 'TE', '5', 'A', '1'),
('BONDE CHARUDATTA KIRAN', '', '120A2010', 'EXTC', 'TE', '5', 'A', '1'),
('CHAURASIYA AMIT DHARMENDRA', '', '120A2011', 'EXTC', 'TE', '5', 'A', '1'),
('CHIKKA SAMIKSHA DAMODAR', '', '120A2012', 'EXTC', 'TE', '5', 'A', '1'),
('DESAI KINNARI KIRANKUMAR', '', '120A2013', 'EXTC', 'TE', '5', 'A', '1'),
('DESHMUKH MANSI SUNIL', '', '120A2014', 'EXTC', 'TE', '5', 'A', '1'),
('GHARABIDI SUNILKUMAR KRISHNAMURTY', '', '120A2015', 'EXTC', 'TE', '5', 'A', '1'),
('HIROJI SANIKA VIKAS', '', '120A2016', 'EXTC', 'TE', '5', 'A', '1'),
('HUNASIKATTI PRATEEK SANGAPPA', '', '120A2017', 'EXTC', 'TE', '5', 'A', '1'),
('HUNNUR SHRINIVAS SANTOSH', '', '120A2018', 'EXTC', 'TE', '5', 'A', '1'),
('IRAKI MOHAMMED TAHA NAUSHAD', '', '120A2019', 'EXTC', 'TE', '5', 'A', '2'),
('IYER SHREYAS SRIDHAR', '', '120A2020', 'EXTC', 'TE', '5', 'A', '2'),
('JAMBEKAR SIDDHI KISHOR', '', '120A2021', 'EXTC', 'TE', '5', 'A', '2'),
('KADAM SHREYA PUNDALIK', '', '120A2022', 'EXTC', 'TE', '5', 'A', '2'),
('KARMAKAR ISHAANA ANIMESH', '', '120A2023', 'EXTC', 'TE', '5', 'A', '2'),
('KELASKAR SAHIL HEMANT', '', '120A2024', 'EXTC', 'TE', '5', 'A', '2'),
('KOTA SOUPREM MADAN', '', '120A2025', 'EXTC', 'TE', '5', 'A', '2'),
('LATIKA LILADHAR DEKATE', '', '120A2026', 'EXTC', 'TE', '5', 'A', '2'),
('NAIR NIJESH JAYADEVAN', '', '120A2027', 'EXTC', 'TE', '5', 'A', '2'),
('NIBIN OOMMEN VARGHESE', '', '120A2028', 'EXTC', 'TE', '5', 'A', '2'),
('NIDHI HEMANT KULKARNI', '', '120A2029', 'EXTC', 'TE', '5', 'A', '2'),
('ODIYAR VINITHA RAJAVELU', '', '120A2030', 'EXTC', 'TE', '5', 'A', '2'),
('OMKAR PRAMOD KADAM', '', '120A2031', 'EXTC', 'TE', '5', 'A', '2'),
('P SHREYAS', '', '120A2032', 'EXTC', 'TE', '5', 'A', '2'),
('PANDEY KRITIKA SURENDER', '', '120A2033', 'EXTC', 'TE', '5', 'A', '2'),
('PARKHE SAIRAJ MAHENDRA', '', '120A2034', 'EXTC', 'TE', '5', 'A', '2'),
('PATIL GAURAV CHHABILDAS', '', '120A2035', 'EXTC', 'TE', '5', 'A', '2'),
('PATIL VARAD UTTAM', '', '120A2036', 'EXTC', 'TE', '5', 'A', '3'),
('PRACHET JHA', '', '120A2037', 'EXTC', 'TE', '5', 'A', '3'),
('PREETI GUPTA', '', '120A2038', 'EXTC', 'TE', '5', 'A', '3'),
('SAH SAHIL SANTOSH', '', '120A2039', 'EXTC', 'TE', '5', 'A', '3'),
('SALVI ROHAN RAVINDRA', '', '120A2040', 'EXTC', 'TE', '5', 'A', '3'),
('SANKET RAJENDRA SALEKAR', '', '120A2041', 'EXTC', 'TE', '5', 'A', '3'),
('SHAHAPURE PRATHAMESH SANJAY', '', '120A2042', 'EXTC', 'TE', '5', 'A', '3'),
('SHETTY MANAS TARANATH', '', '120A2043', 'EXTC', 'TE', '5', 'A', '3'),
('THATTAMPARAMBIL NIKHIL NANDAKUMAR', '', '120A2044', 'EXTC', 'TE', '5', 'A', '3'),
('UDAY JAWAHARLAL NISHAD', '', '120A2045', 'EXTC', 'TE', '5', 'A', '3'),
('UNDIRE RAJENDRA GAJANAN', '', '120A2046', 'EXTC', 'TE', '5', 'A', '3'),
('VADNALA SAGAR ASHOK', '', '120A2047', 'EXTC', 'TE', '5', 'A', '3'),
('VEDANT SANJAY SINGH', '', '120A2048', 'EXTC', 'TE', '5', 'A', '3'),
('VERMA SOUMYA SHIVKUMAR', '', '120A2049', 'EXTC', 'TE', '5', 'A', '3'),
('VIGNESWARAN GANESH', '', '120A2050', 'EXTC', 'TE', '5', 'A', '3'),
('VRUNDAN D DHEBRIYA', '', '120A2051', 'EXTC', 'TE', '5', 'A', '3'),
('WAMORKAR SHRUTI MADHAV', '', '120A2052', 'EXTC', 'TE', '5', 'A', '3'),
('WARDE SAYALI NARAYAN', '', '120A2053', 'EXTC', 'TE', '5', 'A', '3'),
('ADITYA SAJITH KUMAR', '', '221A2054', 'EXTC', 'TE', '5', 'A', '4'),
('BUDYE FURQAN SHAKIL', '', '221A2055', 'EXTC', 'TE', '5', 'A', '4'),
('CHAUHAN AAKASH SAHADEV', '', '221A2056', 'EXTC', 'TE', '5', 'A', '4'),
('DESAI PRATHAMESH PURUSHOTTAM', '', '221A2057', 'EXTC', 'TE', '5', 'A', '4'),
('KADAM SAKSHI VITHAL', '', '221A2058', 'EXTC', 'TE', '5', 'A', '4'),
('KANASE SAURABH DHANAJI', '', '221A2059', 'EXTC', 'TE', '5', 'A', '4'),
('KARTHIKA MALAYANDI YADAV', '', '221A2060', 'EXTC', 'TE', '5', 'A', '4'),
('MASKE SAYALI SURESH', '', '221A2061', 'EXTC', 'TE', '5', 'A', '4'),
('MITHAGARI AMIR SALIM', '', '221A2062', 'EXTC', 'TE', '5', 'A', '4'),
('PATIL TEJAS PRAKASH', '', '221A2063', 'EXTC', 'TE', '5', 'A', '4'),
('SALVI PRANALI SIDDHARTH', '', '221A2064', 'EXTC', 'TE', '5', 'A', '4'),
('SAROJ GEETA GENCHAND', '', '221A2065', 'EXTC', 'TE', '5', 'A', '4'),
('SASHANK KUMAR SINGH', '', '221A2066', 'EXTC', 'TE', '5', 'A', '4'),
('SHAIKH AJAZ AHMED SHAKEEL AHMED', '', '221A2067', 'EXTC', 'TE', '5', 'A', '4'),
('SINGH KHUSHI RAJIV', '', '221A2068', 'EXTC', 'TE', '5', 'A', '4'),
('WANKHEDE SHREYASH SUNIL', '', '221A2069', 'EXTC', 'TE', '5', 'A', '4'),
('', '', '', '', '', '', '', ''),
('', '', '', '', '', '', '', ''),
('', '', '', '', '', '', '', ''),
('', '', '', '', '', '', '', ''),
('Kanishk Govil', '', '117A2038', 'EXTC', 'BE', '7', 'B', '1'),
('Misal Om Dnyaneshwar', '', '118A2062', 'EXTC', 'BE', '7', 'B', '1'),
('Mohite Sameer Dattatraya', '', '118A2064', 'EXTC', 'BE', '7', 'B', '1'),
('Niraj Nanadkumar Devale', '', '119A2051', 'EXTC', 'BE', '7', 'B', '1'),
('Pidathala Reddy Bhavya Shrinivas', '', '119A2054', 'EXTC', 'BE', '7', 'B', '1'),
('Poojary Jinendr Harish', '', '119A2055', 'EXTC', 'BE', '7', 'B', '1'),
('Pradnya Avadhut Talekar', '', '119A2056', 'EXTC', 'BE', '7', 'B', '1'),
('Pranjal Sandeep Thakur', '', '119A2057', 'EXTC', 'BE', '7', 'B', '1'),
('Rithik Ashok Patil', '', '119A2059', 'EXTC', 'BE', '7', 'B', '1'),
('Rohan Udayraj Mishra', '', '119A2060', 'EXTC', 'BE', '7', 'B', '1'),
('Rohit Bhaskar Gaikwad', '', '119A2061', 'EXTC', 'BE', '7', 'B', '1'),
('Rohit Chandel', '', '119A2062', 'EXTC', 'BE', '7', 'B', '1'),
('Rohit Goutam Maity', '', '119A2063', 'EXTC', 'BE', '7', 'B', '1'),
('Rohit Subhash Chougule', '', '119A2064', 'EXTC', 'BE', '7', 'B', '1'),
('Sahil Ashok Phatak', '', '119A2065', 'EXTC', 'BE', '7', 'B', '1'),
('Sai Sri Sravya', '', '119A2066', 'EXTC', 'BE', '7', 'B', '1'),
('Saish Shetty', '', '119A2067', 'EXTC', 'BE', '7', 'B', '2'),
('Sakshi Gawali', '', '119A2068', 'EXTC', 'BE', '7', 'B', '2'),
('Sameeksha Rai', '', '119A2070', 'EXTC', 'BE', '7', 'B', '2'),
('Sameet Sabu', '', '119A2071', 'EXTC', 'BE', '7', 'B', '2'),
('Sharma Srishti Shiv', '', '119A2072', 'EXTC', 'BE', '7', 'B', '2'),
('Shetty Amish Sudhakar', '', '119A2073', 'EXTC', 'BE', '7', 'B', '2'),
('Shreyasi Gode', '', '119A2075', 'EXTC', 'BE', '7', 'B', '2'),
('Shruti Narayan Gope', '', '119A2076', 'EXTC', 'BE', '7', 'B', '2'),
('Shruti Pankaj Singh', '', '119A2077', 'EXTC', 'BE', '7', 'B', '2'),
('Shubham Paras Bhandari', '', '119A2078', 'EXTC', 'BE', '7', 'B', '2'),
('Shubhjeet Singh Kalsi', '', '119A2079', 'EXTC', 'BE', '7', 'B', '2'),
('Sorte Aryan Rajesh', '', '119A2080', 'EXTC', 'BE', '7', 'B', '2'),
('Srishti Ravi', '', '119A2081', 'EXTC', 'BE', '7', 'B', '2'),
('Tanisha Nooruddin S', '', '119A2082', 'EXTC', 'BE', '7', 'B', '2'),
('Tanishka Babaji Thikekar', '', '119A2083', 'EXTC', 'BE', '7', 'B', '2'),
('Tanoy Mandal', '', '119A2084', 'EXTC', 'BE', '7', 'B', '2'),
('Tiwari Shruti Atul', '', '119A2085', 'EXTC', 'BE', '7', 'B', '3'),
('Tiwari Sunny Rajesh', '', '119A2086', 'EXTC', 'BE', '7', 'B', '3'),
('Triveni Thorat', '', '119A2087', 'EXTC', 'BE', '7', 'B', '3'),
('Tushar Sadashiva Poojari', '', '119A2088', 'EXTC', 'BE', '7', 'B', '3'),
('Tushar Soma Ninawe', '', '119A2089', 'EXTC', 'BE', '7', 'B', '3'),
('Uday Sengupta', '', '119A2090', 'EXTC', 'BE', '7', 'B', '3'),
('Upparna Anagha Dinesh', '', '119A2091', 'EXTC', 'BE', '7', 'B', '3'),
('Vatsal Manish Kore', '', '119A2092', 'EXTC', 'BE', '7', 'B', '3'),
('Vighnesh Shivkumar', '', '119A2093', 'EXTC', 'BE', '7', 'B', '3'),
('Vinit Kumar Rai', '', '119A2094', 'EXTC', 'BE', '7', 'B', '3'),
('Vishal Umesh Naregal', '', '119A2095', 'EXTC', 'BE', '7', 'B', '3'),
('Yadav Soundarya A', '', '119A2096', 'EXTC', 'BE', '7', 'B', '3'),
('Yash Praveen Kumar Jain', '', '119A2097', 'EXTC', 'BE', '7', 'B', '3'),
('Yash Sandeep Kokate', '', '119A2098', 'EXTC', 'BE', '7', 'B', '3'),
('Yogesh Venkoba Gulle', '', '119A2099', 'EXTC', 'BE', '7', 'B', '3'),
('Ritesh Tiwari', '', '119A2100', 'EXTC', 'BE', '7', 'B', '3'),
('Avula Mahesh Kanakaiah', '', '220A2102', 'EXTC', 'BE', '7', 'B', '4'),
('Nahush Chandrashekar Bhagat', '', '220A2103', 'EXTC', 'BE', '7', 'B', '4'),
('Mitesh Pravin Haldankar', '', '220A2106', 'EXTC', 'BE', '7', 'B', '4'),
('Jesno Joseph', '', '220A2107', 'EXTC', 'BE', '7', 'B', '4'),
('Kankute Suhas Sanjay', '', '220A2108', 'EXTC', 'BE', '7', 'B', '4'),
('	Zaheeruddin Hashamuddin Khan', '', '220A2110', 'EXTC', 'BE', '7', 'B', '4'),
('Harshada Rajesh Koli', '', '220A2111', 'EXTC', 'BE', '7', 'B', '4'),
('M Navin Narayanan', '', '220A2113', 'EXTC', 'BE', '7', 'B', '4'),
('Mohamed Arbas Ebrahim Abdulla', '', '220A2114', 'EXTC', 'BE', '7', 'B', '4'),
('Shaikh Rahil Mohd Sajid', '', '220A2119', 'EXTC', 'BE', '7', 'B', '4'),
('Subbia Evansraj Jagateesan', '', '220A2123', 'EXTC', 'BE', '7', 'B', '4'),
('Syed Afzal Hussain', '', '220A2124', 'EXTC', 'BE', '7', 'B', '4'),
('Sanket Machindranath Tandel', '', '220A2126', 'EXTC', 'BE', '7', 'B', '4'),
('Tuhin Tapas Pal', '', '220A2128', 'EXTC', 'BE', '7', 'B', '4'),
('Anirudha Kishor Waghmare', '', '220A2129', 'EXTC', 'BE', '7', 'B', '4'),
('Yendhe Omkar Bhaskar', '', '220A2131', 'EXTC', 'BE', '7', 'B', '4'),
('', '', '', '', '', '', '', ''),
('', '', '', '', '', '', '', ''),
('', '', '', '', '', '', '', ''),
('', '', '', '', '', '', '', ''),
('Ashmith Vishwakarmah', '', '119A6002', 'Mechanical', 'BE', '7', 'H', '1'),
('Bam Nihar Parag', '', '119A6003', 'Mechanical', 'BE', '7', 'H', '1'),
('Bharathiseshan Nagarajan', '', '119A6004', 'Mechanical', 'BE', '7', 'H', '1'),
('Bondanthila Karthik Ravindra', '', '119A6005', 'Mechanical', 'BE', '7', 'H', '1'),
('C S Vignesh', '', '119A6006', 'Mechanical', 'BE', '7', 'H', '1'),
('Chogale Chinmayee Virendra', '', '119A6007', 'Mechanical', 'BE', '7', 'H', '1'),
('Dwij Mani Iyer', '', '119A6008', 'Mechanical', 'BE', '7', 'H', '1'),
('Eashan Bhatt', '', '119A6009', 'Mechanical', 'BE', '7', 'H', '1'),
('Gokulraj Anilkumar', '', '119A6010', 'Mechanical', 'BE', '7', 'H', '1'),
('Gorule Prayag Uttam', '', '119A6011', 'Mechanical', 'BE', '7', 'H', '1'),
('Gowda Sahil Ramesh', '', '119A6012', 'Mechanical', 'BE', '7', 'H', '1'),
('Hari Ranga Koundinya Vakati', '', '119A6013', 'Mechanical', 'BE', '7', 'H', '1'),
('Horambe Atharv Vilas', '', '119A6014', 'Mechanical', 'BE', '7', 'H', '1'),
('Iyer Aniruddh Venkatesh', '', '119A6015', 'Mechanical', 'BE', '7', 'H', '1'),
('Joshi Gaurang Ninad', '', '119A6016', 'Mechanical', 'BE', '7', 'H', '1'),
('Junghare Shubham Tukaram', '', '119A6017', 'Mechanical', 'BE', '7', 'H', '1'),
('Karthik Balasingh Nadar', '', '119A6018', 'Mechanical', 'BE', '7', 'H', '1'),
('Karthika Kandaswamy Devendran', '', '119A6019', 'Mechanical', 'BE', '7', 'H', '1'),
('Khushal Mahendra Tayade', '', '119A6020', 'Mechanical', 'BE', '7', 'H', '2'),
('Kottikulam Nikshit Janardhanan', '', '119A6021', 'Mechanical', 'BE', '7', 'H', '2'),
('Kubal Rohan Kamlakar', '', '119A6022', 'Mechanical', 'BE', '7', 'H', '2'),
('Lele Gaurang Girish', '', '119A6023', 'Mechanical', 'BE', '7', 'H', '2'),
('Nalawade Smit Vivekanand', '', '119A6025', 'Mechanical', 'BE', '7', 'H', '2'),
('Nevin Chidambaram', '', '119A6026', 'Mechanical', 'BE', '7', 'H', '2'),
('Parihar Ayush Bhedraj', '', '119A6027', 'Mechanical', 'BE', '7', 'H', '2'),
('Parin Pradeep Keni', '', '119A6028', 'Mechanical', 'BE', '7', 'H', '2'),
('Patil Abhishek Shivraj', '', '119A6030', 'Mechanical', 'BE', '7', 'H', '2'),
('Patil Prathamesh Dilipkumar', '', '119A6031', 'Mechanical', 'BE', '7', 'H', '2'),
('Patil Siddhesh Sunil', '', '119A6032', 'Mechanical', 'BE', '7', 'H', '2'),
('Phanse Shrutika Tanaji', '', '119A6033', 'Mechanical', 'BE', '7', 'H', '2'),
('Rahul Ayyappan Iyer', '', '119A6034', 'Mechanical', 'BE', '7', 'H', '2'),
('Roshan Shankardas Naik', '', '119A6035', 'Mechanical', 'BE', '7', 'H', '2'),
('Rushil Sunil Bansode', '', '119A6036', 'Mechanical', 'BE', '7', 'H', '2'),
('Sahil Singh', '', '119A6037', 'Mechanical', 'BE', '7', 'H', '2'),
('Salian Nishit Avanindra', '', '119A6038', 'Mechanical', 'BE', '7', 'H', '2'),
('Shenoy Karan Sunil', '', '119A6039', 'Mechanical', 'BE', '7', 'H', '2'),
('Shinde Anuj Bhanudas', '', '119A6040', 'Mechanical', 'BE', '7', 'H', '3'),
('Shinde Yash Sanjay', '', '119A6041', 'Mechanical', 'BE', '7', 'H', '3'),
('Shreya Sampath', '', '119A6042', 'Mechanical', 'BE', '7', 'H', '3'),
('Shreyash Uday Ruikar', '', '119A6043', 'Mechanical', 'BE', '7', 'H', '3'),
('Siddhesh Santosh Sawant', '', '119A6044', 'Mechanical', 'BE', '7', 'H', '3'),
('Singh Shivansh Suryabhan', '', '119A6045', 'Mechanical', 'BE', '7', 'H', '3'),
('Sohan Suresh Disale', '', '119A6046', 'Mechanical', 'BE', '7', 'H', '3'),
('Srikrishna Naganathan', '', '119A6047', 'Mechanical', 'BE', '7', 'H', '3'),
('Suraj Kailash Kumawat', '', '119A6048', 'Mechanical', 'BE', '7', 'H', '3'),
('Surve Vedant Nilesh', '', '119A6049', 'Mechanical', 'BE', '7', 'H', '3'),
('Swamy Vikhilan Thirunaukarasu', '', '119A6050', 'Mechanical', 'BE', '7', 'H', '3'),
('Tejas Ashok Kamble', '', '119A6051', 'Mechanical', 'BE', '7', 'H', '3'),
('Telang Harsh Krishnmurti', '', '119A6052', 'Mechanical', 'BE', '7', 'H', '3'),
('Varade Shivam Shailendra', '', '119A6053', 'Mechanical', 'BE', '7', 'H', '3'),
('Varade Shubham Shailendra', '', '119A6054', 'Mechanical', 'BE', '7', 'H', '3'),
('Vardhan Vivek Burande', '', '119A6055', 'Mechanical', 'BE', '7', 'H', '3'),
('Vichare Sarvesh Samadhan', '', '119A6056', 'Mechanical', 'BE', '7', 'H', '3'),
('Mirji Varadaraj', '', '119A6057', 'Mechanical', 'BE', '7', 'H', '3'),
('Vignesh Thevar', '', '117A6059', 'Mechanical', 'BE', '7', 'H', '4'),
('Aaris Shanuddin Saudagar ', '', '220A6058', 'Mechanical', 'BE', '7', 'H', '4'),
('Ameya Avinash Tulpule ', '', '220A6059', 'Mechanical', 'BE', '7', 'H', '4'),
('Rushikesh Niwas Bane ', '', '220A6060', 'Mechanical', 'BE', '7', 'H', '4'),
('Ketan Prakash Gaikwad', '', '220A6061', 'Mechanical', 'BE', '7', 'H', '4'),
('Prajwal Dattatray Gharat ', '', '220A6062', 'Mechanical', 'BE', '7', 'H', '4'),
('Ashutosh Ishwar Jagdale ', '', '220A6063', 'Mechanical', 'BE', '7', 'H', '4'),
('Aniket Rajesh Jangam ', '', '220A6064', 'Mechanical', 'BE', '7', 'H', '4'),
('More Nishant Chandrakant', '', '220A6065', 'Mechanical', 'BE', '7', 'H', '4'),
('Nikhil Sachidanandan ', '', '220A6066', 'Mechanical', 'BE', '7', 'H', '4'),
('Priyanshu Kanti Patel ', '', '220A6067', 'Mechanical', 'BE', '7', 'H', '4'),
('Patil Preeti Pundalik', '', '220A6068', 'Mechanical', 'BE', '7', 'H', '4'),
('Jayendra Bholenath Rumde ', '', '220A6069', 'Mechanical', 'BE', '7', 'H', '4'),
('Shetty Netravati Ranjit', '', '220A6070', 'Mechanical', 'BE', '7', 'H', '4'),
('Umesh Srinivas Vadlakonda ', '', '220A6071', 'Mechanical', 'BE', '7', 'H', '4'),
('', '', '', '', '', '', '', ''),
('', '', '', '', '', '', '', ''),
('', '', '', '', '', '', '', ''),
('', '', '', '', '', '', '', ''),
('', '', '', '', '', '', '', ''),
('', '', '', '', '', '', '', ''),
('', '', '', '', '', '', '', ''),
('', '', '', '', '', '', '', ''),
('', '', '', '', '', '', '', ''),
('', '', '', '', '', '', '', ''),
('', '', '', '', '', '', '', ''),
('', '', '', '', '', '', '', ''),
('', '', '', '', '', '', '', ''),
('', '', '', '', '', '', '', ''),
('', '', '', '', '', '', '', ''),
('', '', '', '', '', '', '', ''),
('', '', '', '', '', '', '', ''),
('', '', '', '', '', '', '', ''),
('', '', '', '', '', '', '', ''),
('', '', '', '', '', '', '', ''),
('', '', '', '', '', '', '', ''),
('', '', '', '', '', '', '', ''),
('', '', '', '', '', '', '', ''),
('', '', '', '', '', '', '', ''),
('', '', '', '', '', '', '', ''),
('', '', '', '', '', '', '', ''),
('', '', '', '', '', '', '', ''),
('', '', '', '', '', '', '', ''),
('', '', '', '', '', '', '', ''),
('', '', '', '', '', '', '', ''),
('', '', '', '', '', '', '', ''),
('', '', '', '', '', '', '', ''),
('', '', '', '', '', '', '', ''),
('', '', '', '', '', '', '', ''),
('', '', '', '', '', '', '', ''),
('', '', '', '', '', '', '', ''),
('', '', '', '', '', '', '', ''),
('', '', '', '', '', '', '', ''),
('', '', '', '', '', '', '', ''),
('', '', '', '', '', '', '', ''),
('', '', '', '', '', '', '', ''),
('', '', '', '', '', '', '', ''),
('', '', '', '', '', '', '', ''),
('', '', '', '', '', '', '', ''),
('', '', '', '', '', '', '', ''),
('', '', '', '', '', '', '', ''),
('', '', '', '', '', '', '', ''),
('', '', '', '', '', '', '', ''),
('', '', '', '', '', '', '', ''),
('', '', '', '', '', '', '', ''),
('', '', '', '', '', '', '', ''),
('', '', '', '', '', '', '', ''),
('', '', '', '', '', '', '', ''),
('', '', '', '', '', '', '', ''),
('', '', '', '', '', '', '', ''),
('', '', '', '', '', '', '', ''),
('', '', '', '', '', '', '', ''),
('', '', '', '', '', '', '', ''),
('', '', '', '', '', '', '', ''),
('', '', '', '', '', '', '', ''),
('', '', '', '', '', '', '', ''),
('', '', '', '', '', '', '', ''),
('', '', '', '', '', '', '', ''),
('', '', '', '', '', '', '', ''),
('', '', '', '', '', '', '', ''),
('', '', '', '', '', '', '', ''),
('', '', '', '', '', '', '', ''),
('', '', '', '', '', '', '', ''),
('', '', '', '', '', '', '', ''),
('', '', '', '', '', '', '', ''),
('', '', '', '', '', '', '', ''),
('', '', '', '', '', '', '', ''),
('', '', '', '', '', '', '', ''),
('', '', '', '', '', '', '', ''),
('', '', '', '', '', '', '', ''),
('', '', '', '', '', '', '', ''),
('', '', '', '', '', '', '', ''),
('', '', '', '', '', '', '', ''),
('', '', '', '', '', '', '', ''),
('', '', '', '', '', '', '', ''),
('', '', '', '', '', '', '', ''),
('', '', '', '', '', '', '', ''),
('', '', '', '', '', '', '', ''),
('', '', '', '', '', '', '', ''),
('', '', '', '', '', '', '', ''),
('', '', '', '', '', '', '', ''),
('', '', '', '', '', '', '', ''),
('', '', '', '', '', '', '', ''),
('', '', '', '', '', '', '', ''),
('', '', '', '', '', '', '', ''),
('', '', '', '', '', '', '', ''),
('', '', '', '', '', '', '', ''),
('', '', '', '', '', '', '', ''),
('', '', '', '', '', '', '', ''),
('', '', '', '', '', '', '', ''),
('', '', '', '', '', '', '', ''),
('', '', '', '', '', '', '', ''),
('', '', '', '', '', '', '', ''),
('', '', '', '', '', '', '', ''),
('', '', '', '', '', '', '', ''),
('', '', '', '', '', '', '', ''),
('', '', '', '', '', '', '', ''),
('', '', '', '', '', '', '', ''),
('', '', '', '', '', '', '', ''),
('', '', '', '', '', '', '', ''),
('', '', '', '', '', '', '', ''),
('', '', '', '', '', '', '', ''),
('', '', '', '', '', '', '', ''),
('', '', '', '', '', '', '', ''),
('', '', '', '', '', '', '', ''),
('', '', '', '', '', '', '', ''),
('', '', '', '', '', '', '', ''),
('', '', '', '', '', '', '', ''),
('', '', '', '', '', '', '', ''),
('', '', '', '', '', '', '', ''),
('', '', '', '', '', '', '', ''),
('', '', '', '', '', '', '', ''),
('', '', '', '', '', '', '', ''),
('', '', '', '', '', '', '', ''),
('', '', '', '', '', '', '', ''),
('', '', '', '', '', '', '', ''),
('', '', '', '', '', '', '', ''),
('', '', '', '', '', '', '', ''),
('', '', '', '', '', '', '', ''),
('', '', '', '', '', '', '', ''),
('', '', '', '', '', '', '', ''),
('', '', '', '', '', '', '', ''),
('', '', '', '', '', '', '', ''),
('', '', '', '', '', '', '', ''),
('', '', '', '', '', '', '', ''),
('', '', '', '', '', '', '', ''),
('', '', '', '', '', '', '', ''),
('', '', '', '', '', '', '', ''),
('', '', '', '', '', '', '', ''),
('', '', '', '', '', '', '', ''),
('', '', '', '', '', '', '', ''),
('', '', '', '', '', '', '', ''),
('', '', '', '', '', '', '', ''),
('', '', '', '', '', '', '', ''),
('', '', '', '', '', '', '', ''),
('', '', '', '', '', '', '', ''),
('', '', '', '', '', '', '', ''),
('', '', '', '', '', '', '', ''),
('', '', '', '', '', '', '', ''),
('', '', '', '', '', '', '', ''),
('', '', '', '', '', '', '', ''),
('', '', '', '', '', '', '', ''),
('', '', '', '', '', '', '', ''),
('', '', '', '', '', '', '', ''),
('', '', '', '', '', '', '', ''),
('', '', '', '', '', '', '', ''),
('', '', '', '', '', '', '', ''),
('', '', '', '', '', '', '', ''),
('', '', '', '', '', '', '', ''),
('', '', '', '', '', '', '', ''),
('', '', '', '', '', '', '', ''),
('', '', '', '', '', '', '', ''),
('', '', '', '', '', '', '', ''),
('', '', '', '', '', '', '', ''),
('', '', '', '', '', '', '', ''),
('', '', '', '', '', '', '', ''),
('', '', '', '', '', '', '', ''),
('', '', '', '', '', '', '', ''),
('', '', '', '', '', '', '', ''),
('', '', '', '', '', '', '', ''),
('', '', '', '', '', '', '', ''),
('', '', '', '', '', '', '', ''),
('', '', '', '', '', '', '', ''),
('', '', '', '', '', '', '', ''),
('', '', '', '', '', '', '', ''),
('', '', '', '', '', '', '', ''),
('', '', '', '', '', '', '', ''),
('', '', '', '', '', '', '', ''),
('', '', '', '', '', '', '', ''),
('', '', '', '', '', '', '', ''),
('', '', '', '', '', '', '', ''),
('', '', '', '', '', '', '', ''),
('', '', '', '', '', '', '', ''),
('', '', '', '', '', '', '', ''),
('', '', '', '', '', '', '', ''),
('', '', '', '', '', '', '', ''),
('', '', '', '', '', '', '', ''),
('', '', '', '', '', '', '', ''),
('', '', '', '', '', '', '', ''),
('', '', '', '', '', '', '', ''),
('', '', '', '', '', '', '', ''),
('', '', '', '', '', '', '', ''),
('', '', '', '', '', '', '', ''),
('', '', '', '', '', '', '', ''),
('', '', '', '', '', '', '', ''),
('', '', '', '', '', '', '', ''),
('', '', '', '', '', '', '', ''),
('', '', '', '', '', '', '', ''),
('', '', '', '', '', '', '', ''),
('', '', '', '', '', '', '', ''),
('', '', '', '', '', '', '', ''),
('', '', '', '', '', '', '', ''),
('', '', '', '', '', '', '', ''),
('', '', '', '', '', '', '', ''),
('', '', '', '', '', '', '', ''),
('', '', '', '', '', '', '', ''),
('', '', '', '', '', '', '', ''),
('', '', '', '', '', '', '', ''),
('', '', '', '', '', '', '', ''),
('', '', '', '', '', '', '', ''),
('', '', '', '', '', '', '', ''),
('', '', '', '', '', '', '', ''),
('', '', '', '', '', '', '', ''),
('', '', '', '', '', '', '', ''),
('', '', '', '', '', '', '', ''),
('', '', '', '', '', '', '', ''),
('', '', '', '', '', '', '', ''),
('', '', '', '', '', '', '', ''),
('', '', '', '', '', '', '', ''),
('', '', '', '', '', '', '', ''),
('', '', '', '', '', '', '', ''),
('', '', '', '', '', '', '', ''),
('', '', '', '', '', '', '', ''),
('', '', '', '', '', '', '', ''),
('', '', '', '', '', '', '', ''),
('', '', '', '', '', '', '', ''),
('', '', '', '', '', '', '', ''),
('', '', '', '', '', '', '', ''),
('', '', '', '', '', '', '', ''),
('', '', '', '', '', '', '', ''),
('', '', '', '', '', '', '', ''),
('', '', '', '', '', '', '', ''),
('', '', '', '', '', '', '', ''),
('', '', '', '', '', '', '', ''),
('', '', '', '', '', '', '', ''),
('', '', '', '', '', '', '', ''),
('', '', '', '', '', '', '', ''),
('', '', '', '', '', '', '', ''),
('', '', '', '', '', '', '', ''),
('', '', '', '', '', '', '', ''),
('', '', '', '', '', '', '', ''),
('', '', '', '', '', '', '', ''),
('', '', '', '', '', '', '', ''),
('', '', '', '', '', '', '', ''),
('', '', '', '', '', '', '', ''),
('', '', '', '', '', '', '', ''),
('', '', '', '', '', '', '', ''),
('', '', '', '', '', '', '', ''),
('', '', '', '', '', '', '', ''),
('', '', '', '', '', '', '', ''),
('', '', '', '', '', '', '', ''),
('', '', '', '', '', '', '', ''),
('', '', '', '', '', '', '', ''),
('', '', '', '', '', '', '', ''),
('', '', '', '', '', '', '', ''),
('', '', '', '', '', '', '', ''),
('', '', '', '', '', '', '', ''),
('', '', '', '', '', '', '', ''),
('', '', '', '', '', '', '', ''),
('', '', '', '', '', '', '', ''),
('', '', '', '', '', '', '', ''),
('', '', '', '', '', '', '', ''),
('', '', '', '', '', '', '', ''),
('', '', '', '', '', '', '', ''),
('', '', '', '', '', '', '', ''),
('', '', '', '', '', '', '', ''),
('', '', '', '', '', '', '', ''),
('', '', '', '', '', '', '', ''),
('', '', '', '', '', '', '', ''),
('', '', '', '', '', '', '', ''),
('', '', '', '', '', '', '', ''),
('', '', '', '', '', '', '', ''),
('', '', '', '', '', '', '', ''),
('', '', '', '', '', '', '', ''),
('', '', '', '', '', '', '', ''),
('', '', '', '', '', '', '', ''),
('', '', '', '', '', '', '', ''),
('', '', '', '', '', '', '', ''),
('', '', '', '', '', '', '', ''),
('', '', '', '', '', '', '', ''),
('', '', '', '', '', '', '', ''),
('', '', '', '', '', '', '', ''),
('', '', '', '', '', '', '', ''),
('', '', '', '', '', '', '', ''),
('', '', '', '', '', '', '', ''),
('', '', '', '', '', '', '', ''),
('', '', '', '', '', '', '', ''),
('', '', '', '', '', '', '', ''),
('', '', '', '', '', '', '', ''),
('', '', '', '', '', '', '', ''),
('', '', '', '', '', '', '', ''),
('', '', '', '', '', '', '', '');
INSERT INTO `student` (`s_name`, `s_siesid`, `s_prn`, `s_branch`, `s_year`, `s_semester`, `s_division`, `s_batch`) VALUES
('', '', '', '', '', '', '', ''),
('', '', '', '', '', '', '', ''),
('', '', '', '', '', '', '', ''),
('', '', '', '', '', '', '', ''),
('', '', '', '', '', '', '', ''),
('', '', '', '', '', '', '', ''),
('', '', '', '', '', '', '', ''),
('', '', '', '', '', '', '', ''),
('', '', '', '', '', '', '', ''),
('', '', '', '', '', '', '', ''),
('', '', '', '', '', '', '', ''),
('', '', '', '', '', '', '', ''),
('', '', '', '', '', '', '', ''),
('', '', '', '', '', '', '', ''),
('', '', '', '', '', '', '', ''),
('', '', '', '', '', '', '', ''),
('', '', '', '', '', '', '', ''),
('', '', '', '', '', '', '', ''),
('', '', '', '', '', '', '', ''),
('', '', '', '', '', '', '', ''),
('', '', '', '', '', '', '', ''),
('', '', '', '', '', '', '', ''),
('', '', '', '', '', '', '', ''),
('', '', '', '', '', '', '', ''),
('', '', '', '', '', '', '', ''),
('', '', '', '', '', '', '', ''),
('', '', '', '', '', '', '', ''),
('', '', '', '', '', '', '', ''),
('', '', '', '', '', '', '', ''),
('', '', '', '', '', '', '', ''),
('', '', '', '', '', '', '', ''),
('', '', '', '', '', '', '', ''),
('', '', '', '', '', '', '', ''),
('', '', '', '', '', '', '', ''),
('', '', '', '', '', '', '', ''),
('', '', '', '', '', '', '', ''),
('', '', '', '', '', '', '', ''),
('', '', '', '', '', '', '', ''),
('', '', '', '', '', '', '', ''),
('', '', '', '', '', '', '', ''),
('', '', '', '', '', '', '', ''),
('', '', '', '', '', '', '', ''),
('', '', '', '', '', '', '', ''),
('', '', '', '', '', '', '', ''),
('', '', '', '', '', '', '', ''),
('', '', '', '', '', '', '', ''),
('', '', '', '', '', '', '', ''),
('', '', '', '', '', '', '', ''),
('', '', '', '', '', '', '', ''),
('', '', '', '', '', '', '', ''),
('', '', '', '', '', '', '', ''),
('', '', '', '', '', '', '', ''),
('', '', '', '', '', '', '', ''),
('', '', '', '', '', '', '', ''),
('', '', '', '', '', '', '', ''),
('', '', '', '', '', '', '', ''),
('', '', '', '', '', '', '', ''),
('', '', '', '', '', '', '', ''),
('', '', '', '', '', '', '', ''),
('', '', '', '', '', '', '', ''),
('', '', '', '', '', '', '', ''),
('', '', '', '', '', '', '', ''),
('', '', '', '', '', '', '', ''),
('', '', '', '', '', '', '', ''),
('', '', '', '', '', '', '', ''),
('', '', '', '', '', '', '', ''),
('', '', '', '', '', '', '', ''),
('', '', '', '', '', '', '', ''),
('', '', '', '', '', '', '', ''),
('', '', '', '', '', '', '', ''),
('', '', '', '', '', '', '', ''),
('', '', '', '', '', '', '', ''),
('', '', '', '', '', '', '', ''),
('', '', '', '', '', '', '', ''),
('', '', '', '', '', '', '', ''),
('', '', '', '', '', '', '', ''),
('', '', '', '', '', '', '', ''),
('', '', '', '', '', '', '', ''),
('', '', '', '', '', '', '', ''),
('', '', '', '', '', '', '', ''),
('', '', '', '', '', '', '', ''),
('', '', '', '', '', '', '', ''),
('', '', '', '', '', '', '', ''),
('', '', '', '', '', '', '', ''),
('', '', '', '', '', '', '', ''),
('', '', '', '', '', '', '', ''),
('', '', '', '', '', '', '', ''),
('', '', '', '', '', '', '', ''),
('', '', '', '', '', '', '', ''),
('', '', '', '', '', '', '', ''),
('', '', '', '', '', '', '', ''),
('', '', '', '', '', '', '', ''),
('', '', '', '', '', '', '', ''),
('', '', '', '', '', '', '', ''),
('', '', '', '', '', '', '', ''),
('', '', '', '', '', '', '', ''),
('', '', '', '', '', '', '', ''),
('', '', '', '', '', '', '', ''),
('', '', '', '', '', '', '', ''),
('', '', '', '', '', '', '', ''),
('', '', '', '', '', '', '', ''),
('', '', '', '', '', '', '', ''),
('', '', '', '', '', '', '', ''),
('', '', '', '', '', '', '', ''),
('', '', '', '', '', '', '', ''),
('', '', '', '', '', '', '', ''),
('', '', '', '', '', '', '', ''),
('', '', '', '', '', '', '', ''),
('', '', '', '', '', '', '', ''),
('', '', '', '', '', '', '', ''),
('', '', '', '', '', '', '', ''),
('', '', '', '', '', '', '', ''),
('', '', '', '', '', '', '', ''),
('', '', '', '', '', '', '', ''),
('', '', '', '', '', '', '', ''),
('', '', '', '', '', '', '', ''),
('', '', '', '', '', '', '', ''),
('', '', '', '', '', '', '', ''),
('', '', '', '', '', '', '', ''),
('', '', '', '', '', '', '', ''),
('', '', '', '', '', '', '', ''),
('', '', '', '', '', '', '', ''),
('', '', '', '', '', '', '', ''),
('', '', '', '', '', '', '', ''),
('', '', '', '', '', '', '', ''),
('', '', '', '', '', '', '', ''),
('', '', '', '', '', '', '', ''),
('', '', '', '', '', '', '', ''),
('', '', '', '', '', '', '', ''),
('', '', '', '', '', '', '', ''),
('', '', '', '', '', '', '', ''),
('', '', '', '', '', '', '', ''),
('', '', '', '', '', '', '', ''),
('', '', '', '', '', '', '', ''),
('', '', '', '', '', '', '', ''),
('', '', '', '', '', '', '', ''),
('', '', '', '', '', '', '', ''),
('', '', '', '', '', '', '', ''),
('', '', '', '', '', '', '', ''),
('', '', '', '', '', '', '', ''),
('', '', '', '', '', '', '', ''),
('', '', '', '', '', '', '', ''),
('', '', '', '', '', '', '', ''),
('', '', '', '', '', '', '', ''),
('', '', '', '', '', '', '', ''),
('', '', '', '', '', '', '', ''),
('', '', '', '', '', '', '', ''),
('', '', '', '', '', '', '', ''),
('', '', '', '', '', '', '', ''),
('', '', '', '', '', '', '', ''),
('', '', '', '', '', '', '', ''),
('', '', '', '', '', '', '', ''),
('', '', '', '', '', '', '', ''),
('', '', '', '', '', '', '', ''),
('', '', '', '', '', '', '', ''),
('', '', '', '', '', '', '', ''),
('', '', '', '', '', '', '', ''),
('', '', '', '', '', '', '', ''),
('', '', '', '', '', '', '', ''),
('', '', '', '', '', '', '', ''),
('', '', '', '', '', '', '', ''),
('', '', '', '', '', '', '', ''),
('', '', '', '', '', '', '', ''),
('', '', '', '', '', '', '', ''),
('', '', '', '', '', '', '', ''),
('', '', '', '', '', '', '', ''),
('', '', '', '', '', '', '', ''),
('', '', '', '', '', '', '', ''),
('', '', '', '', '', '', '', ''),
('', '', '', '', '', '', '', ''),
('', '', '', '', '', '', '', ''),
('', '', '', '', '', '', '', ''),
('', '', '', '', '', '', '', ''),
('', '', '', '', '', '', '', ''),
('', '', '', '', '', '', '', ''),
('', '', '', '', '', '', '', ''),
('', '', '', '', '', '', '', ''),
('', '', '', '', '', '', '', ''),
('', '', '', '', '', '', '', ''),
('', '', '', '', '', '', '', ''),
('', '', '', '', '', '', '', ''),
('', '', '', '', '', '', '', ''),
('', '', '', '', '', '', '', ''),
('', '', '', '', '', '', '', ''),
('', '', '', '', '', '', '', ''),
('', '', '', '', '', '', '', ''),
('', '', '', '', '', '', '', ''),
('', '', '', '', '', '', '', ''),
('', '', '', '', '', '', '', ''),
('', '', '', '', '', '', '', ''),
('', '', '', '', '', '', '', ''),
('', '', '', '', '', '', '', ''),
('', '', '', '', '', '', '', ''),
('', '', '', '', '', '', '', ''),
('', '', '', '', '', '', '', ''),
('', '', '', '', '', '', '', ''),
('', '', '', '', '', '', '', ''),
('', '', '', '', '', '', '', ''),
('', '', '', '', '', '', '', ''),
('', '', '', '', '', '', '', ''),
('', '', '', '', '', '', '', ''),
('', '', '', '', '', '', '', ''),
('', '', '', '', '', '', '', ''),
('', '', '', '', '', '', '', ''),
('', '', '', '', '', '', '', ''),
('', '', '', '', '', '', '', ''),
('', '', '', '', '', '', '', ''),
('', '', '', '', '', '', '', ''),
('', '', '', '', '', '', '', ''),
('', '', '', '', '', '', '', ''),
('', '', '', '', '', '', '', ''),
('', '', '', '', '', '', '', ''),
('', '', '', '', '', '', '', ''),
('', '', '', '', '', '', '', ''),
('', '', '', '', '', '', '', ''),
('', '', '', '', '', '', '', ''),
('', '', '', '', '', '', '', ''),
('', '', '', '', '', '', '', ''),
('', '', '', '', '', '', '', ''),
('', '', '', '', '', '', '', ''),
('', '', '', '', '', '', '', ''),
('', '', '', '', '', '', '', ''),
('', '', '', '', '', '', '', ''),
('', '', '', '', '', '', '', ''),
('', '', '', '', '', '', '', ''),
('', '', '', '', '', '', '', ''),
('', '', '', '', '', '', '', ''),
('', '', '', '', '', '', '', ''),
('', '', '', '', '', '', '', ''),
('', '', '', '', '', '', '', ''),
('', '', '', '', '', '', '', ''),
('', '', '', '', '', '', '', ''),
('', '', '', '', '', '', '', ''),
('', '', '', '', '', '', '', ''),
('', '', '', '', '', '', '', ''),
('', '', '', '', '', '', '', ''),
('', '', '', '', '', '', '', ''),
('', '', '', '', '', '', '', ''),
('', '', '', '', '', '', '', ''),
('', '', '', '', '', '', '', ''),
('', '', '', '', '', '', '', ''),
('', '', '', '', '', '', '', ''),
('', '', '', '', '', '', '', ''),
('', '', '', '', '', '', '', ''),
('', '', '', '', '', '', '', ''),
('', '', '', '', '', '', '', ''),
('', '', '', '', '', '', '', ''),
('', '', '', '', '', '', '', ''),
('', '', '', '', '', '', '', ''),
('', '', '', '', '', '', '', ''),
('', '', '', '', '', '', '', ''),
('', '', '', '', '', '', '', ''),
('', '', '', '', '', '', '', ''),
('', '', '', '', '', '', '', ''),
('', '', '', '', '', '', '', ''),
('', '', '', '', '', '', '', ''),
('', '', '', '', '', '', '', ''),
('', '', '', '', '', '', '', ''),
('', '', '', '', '', '', '', ''),
('', '', '', '', '', '', '', ''),
('', '', '', '', '', '', '', ''),
('', '', '', '', '', '', '', ''),
('', '', '', '', '', '', '', ''),
('', '', '', '', '', '', '', ''),
('', '', '', '', '', '', '', ''),
('', '', '', '', '', '', '', ''),
('', '', '', '', '', '', '', ''),
('', '', '', '', '', '', '', ''),
('', '', '', '', '', '', '', ''),
('', '', '', '', '', '', '', ''),
('', '', '', '', '', '', '', ''),
('', '', '', '', '', '', '', ''),
('', '', '', '', '', '', '', ''),
('', '', '', '', '', '', '', ''),
('', '', '', '', '', '', '', ''),
('', '', '', '', '', '', '', ''),
('', '', '', '', '', '', '', ''),
('', '', '', '', '', '', '', ''),
('', '', '', '', '', '', '', ''),
('', '', '', '', '', '', '', ''),
('', '', '', '', '', '', '', ''),
('', '', '', '', '', '', '', ''),
('', '', '', '', '', '', '', ''),
('', '', '', '', '', '', '', ''),
('', '', '', '', '', '', '', ''),
('', '', '', '', '', '', '', ''),
('', '', '', '', '', '', '', ''),
('', '', '', '', '', '', '', ''),
('', '', '', '', '', '', '', ''),
('', '', '', '', '', '', '', ''),
('', '', '', '', '', '', '', ''),
('', '', '', '', '', '', '', ''),
('', '', '', '', '', '', '', ''),
('', '', '', '', '', '', '', ''),
('', '', '', '', '', '', '', ''),
('', '', '', '', '', '', '', ''),
('', '', '', '', '', '', '', ''),
('', '', '', '', '', '', '', ''),
('', '', '', '', '', '', '', ''),
('', '', '', '', '', '', '', ''),
('', '', '', '', '', '', '', ''),
('', '', '', '', '', '', '', ''),
('', '', '', '', '', '', '', ''),
('', '', '', '', '', '', '', ''),
('', '', '', '', '', '', '', ''),
('', '', '', '', '', '', '', ''),
('', '', '', '', '', '', '', ''),
('', '', '', '', '', '', '', ''),
('', '', '', '', '', '', '', ''),
('', '', '', '', '', '', '', ''),
('', '', '', '', '', '', '', ''),
('', '', '', '', '', '', '', ''),
('', '', '', '', '', '', '', ''),
('', '', '', '', '', '', '', ''),
('', '', '', '', '', '', '', ''),
('', '', '', '', '', '', '', ''),
('', '', '', '', '', '', '', ''),
('', '', '', '', '', '', '', ''),
('', '', '', '', '', '', '', ''),
('', '', '', '', '', '', '', ''),
('', '', '', '', '', '', '', ''),
('', '', '', '', '', '', '', ''),
('', '', '', '', '', '', '', ''),
('', '', '', '', '', '', '', ''),
('', '', '', '', '', '', '', ''),
('', '', '', '', '', '', '', ''),
('', '', '', '', '', '', '', ''),
('', '', '', '', '', '', '', ''),
('', '', '', '', '', '', '', ''),
('', '', '', '', '', '', '', ''),
('', '', '', '', '', '', '', ''),
('', '', '', '', '', '', '', ''),
('', '', '', '', '', '', '', ''),
('', '', '', '', '', '', '', ''),
('', '', '', '', '', '', '', ''),
('', '', '', '', '', '', '', ''),
('', '', '', '', '', '', '', ''),
('', '', '', '', '', '', '', ''),
('', '', '', '', '', '', '', ''),
('', '', '', '', '', '', '', ''),
('', '', '', '', '', '', '', ''),
('', '', '', '', '', '', '', ''),
('', '', '', '', '', '', '', ''),
('', '', '', '', '', '', '', ''),
('', '', '', '', '', '', '', ''),
('', '', '', '', '', '', '', ''),
('', '', '', '', '', '', '', ''),
('', '', '', '', '', '', '', ''),
('', '', '', '', '', '', '', ''),
('', '', '', '', '', '', '', ''),
('', '', '', '', '', '', '', ''),
('', '', '', '', '', '', '', ''),
('', '', '', '', '', '', '', ''),
('', '', '', '', '', '', '', ''),
('', '', '', '', '', '', '', ''),
('', '', '', '', '', '', '', ''),
('', '', '', '', '', '', '', ''),
('', '', '', '', '', '', '', ''),
('', '', '', '', '', '', '', ''),
('', '', '', '', '', '', '', ''),
('', '', '', '', '', '', '', ''),
('', '', '', '', '', '', '', ''),
('', '', '', '', '', '', '', ''),
('', '', '', '', '', '', '', ''),
('', '', '', '', '', '', '', ''),
('', '', '', '', '', '', '', ''),
('', '', '', '', '', '', '', ''),
('', '', '', '', '', '', '', ''),
('', '', '', '', '', '', '', ''),
('', '', '', '', '', '', '', ''),
('', '', '', '', '', '', '', ''),
('', '', '', '', '', '', '', ''),
('', '', '', '', '', '', '', ''),
('', '', '', '', '', '', '', ''),
('', '', '', '', '', '', '', ''),
('', '', '', '', '', '', '', ''),
('', '', '', '', '', '', '', ''),
('', '', '', '', '', '', '', ''),
('', '', '', '', '', '', '', ''),
('', '', '', '', '', '', '', ''),
('', '', '', '', '', '', '', ''),
('', '', '', '', '', '', '', ''),
('', '', '', '', '', '', '', ''),
('', '', '', '', '', '', '', ''),
('', '', '', '', '', '', '', ''),
('', '', '', '', '', '', '', ''),
('', '', '', '', '', '', '', ''),
('', '', '', '', '', '', '', ''),
('', '', '', '', '', '', '', ''),
('', '', '', '', '', '', '', ''),
('', '', '', '', '', '', '', ''),
('', '', '', '', '', '', '', ''),
('', '', '', '', '', '', '', ''),
('', '', '', '', '', '', '', ''),
('', '', '', '', '', '', '', ''),
('', '', '', '', '', '', '', ''),
('', '', '', '', '', '', '', ''),
('', '', '', '', '', '', '', ''),
('', '', '', '', '', '', '', ''),
('', '', '', '', '', '', '', ''),
('', '', '', '', '', '', '', ''),
('', '', '', '', '', '', '', ''),
('', '', '', '', '', '', '', ''),
('', '', '', '', '', '', '', ''),
('', '', '', '', '', '', '', ''),
('', '', '', '', '', '', '', ''),
('', '', '', '', '', '', '', ''),
('', '', '', '', '', '', '', ''),
('', '', '', '', '', '', '', ''),
('', '', '', '', '', '', '', ''),
('', '', '', '', '', '', '', ''),
('', '', '', '', '', '', '', ''),
('', '', '', '', '', '', '', ''),
('', '', '', '', '', '', '', ''),
('', '', '', '', '', '', '', ''),
('', '', '', '', '', '', '', ''),
('', '', '', '', '', '', '', ''),
('', '', '', '', '', '', '', ''),
('', '', '', '', '', '', '', ''),
('', '', '', '', '', '', '', ''),
('', '', '', '', '', '', '', ''),
('', '', '', '', '', '', '', ''),
('', '', '', '', '', '', '', ''),
('', '', '', '', '', '', '', ''),
('', '', '', '', '', '', '', ''),
('', '', '', '', '', '', '', ''),
('', '', '', '', '', '', '', ''),
('', '', '', '', '', '', '', ''),
('', '', '', '', '', '', '', ''),
('', '', '', '', '', '', '', ''),
('', '', '', '', '', '', '', ''),
('', '', '', '', '', '', '', ''),
('', '', '', '', '', '', '', ''),
('', '', '', '', '', '', '', ''),
('', '', '', '', '', '', '', ''),
('', '', '', '', '', '', '', ''),
('', '', '', '', '', '', '', ''),
('', '', '', '', '', '', '', ''),
('', '', '', '', '', '', '', ''),
('', '', '', '', '', '', '', ''),
('', '', '', '', '', '', '', ''),
('', '', '', '', '', '', '', ''),
('', '', '', '', '', '', '', ''),
('', '', '', '', '', '', '', ''),
('', '', '', '', '', '', '', ''),
('', '', '', '', '', '', '', ''),
('', '', '', '', '', '', '', ''),
('', '', '', '', '', '', '', ''),
('', '', '', '', '', '', '', ''),
('', '', '', '', '', '', '', ''),
('', '', '', '', '', '', '', ''),
('', '', '', '', '', '', '', ''),
('', '', '', '', '', '', '', ''),
('', '', '', '', '', '', '', ''),
('', '', '', '', '', '', '', ''),
('', '', '', '', '', '', '', ''),
('', '', '', '', '', '', '', ''),
('', '', '', '', '', '', '', ''),
('', '', '', '', '', '', '', ''),
('', '', '', '', '', '', '', ''),
('', '', '', '', '', '', '', ''),
('', '', '', '', '', '', '', ''),
('', '', '', '', '', '', '', ''),
('', '', '', '', '', '', '', ''),
('', '', '', '', '', '', '', ''),
('', '', '', '', '', '', '', ''),
('', '', '', '', '', '', '', ''),
('', '', '', '', '', '', '', ''),
('', '', '', '', '', '', '', ''),
('', '', '', '', '', '', '', ''),
('', '', '', '', '', '', '', ''),
('', '', '', '', '', '', '', ''),
('', '', '', '', '', '', '', ''),
('', '', '', '', '', '', '', ''),
('', '', '', '', '', '', '', ''),
('', '', '', '', '', '', '', ''),
('', '', '', '', '', '', '', ''),
('', '', '', '', '', '', '', ''),
('', '', '', '', '', '', '', ''),
('', '', '', '', '', '', '', ''),
('', '', '', '', '', '', '', ''),
('', '', '', '', '', '', '', ''),
('', '', '', '', '', '', '', ''),
('', '', '', '', '', '', '', ''),
('', '', '', '', '', '', '', ''),
('', '', '', '', '', '', '', ''),
('', '', '', '', '', '', '', ''),
('', '', '', '', '', '', '', ''),
('', '', '', '', '', '', '', ''),
('', '', '', '', '', '', '', ''),
('', '', '', '', '', '', '', ''),
('', '', '', '', '', '', '', ''),
('', '', '', '', '', '', '', ''),
('', '', '', '', '', '', '', ''),
('', '', '', '', '', '', '', ''),
('', '', '', '', '', '', '', ''),
('', '', '', '', '', '', '', ''),
('', '', '', '', '', '', '', ''),
('', '', '', '', '', '', '', ''),
('', '', '', '', '', '', '', ''),
('', '', '', '', '', '', '', ''),
('', '', '', '', '', '', '', ''),
('', '', '', '', '', '', '', ''),
('', '', '', '', '', '', '', ''),
('', '', '', '', '', '', '', ''),
('', '', '', '', '', '', '', ''),
('', '', '', '', '', '', '', ''),
('', '', '', '', '', '', '', ''),
('', '', '', '', '', '', '', ''),
('', '', '', '', '', '', '', ''),
('', '', '', '', '', '', '', ''),
('', '', '', '', '', '', '', ''),
('', '', '', '', '', '', '', ''),
('', '', '', '', '', '', '', ''),
('', '', '', '', '', '', '', ''),
('', '', '', '', '', '', '', ''),
('', '', '', '', '', '', '', ''),
('', '', '', '', '', '', '', ''),
('', '', '', '', '', '', '', ''),
('', '', '', '', '', '', '', ''),
('', '', '', '', '', '', '', ''),
('', '', '', '', '', '', '', ''),
('', '', '', '', '', '', '', ''),
('', '', '', '', '', '', '', ''),
('', '', '', '', '', '', '', ''),
('', '', '', '', '', '', '', ''),
('', '', '', '', '', '', '', ''),
('', '', '', '', '', '', '', ''),
('', '', '', '', '', '', '', ''),
('', '', '', '', '', '', '', ''),
('', '', '', '', '', '', '', ''),
('', '', '', '', '', '', '', ''),
('', '', '', '', '', '', '', ''),
('', '', '', '', '', '', '', ''),
('', '', '', '', '', '', '', ''),
('', '', '', '', '', '', '', ''),
('', '', '', '', '', '', '', ''),
('', '', '', '', '', '', '', ''),
('', '', '', '', '', '', '', ''),
('', '', '', '', '', '', '', ''),
('', '', '', '', '', '', '', ''),
('', '', '', '', '', '', '', ''),
('', '', '', '', '', '', '', ''),
('', '', '', '', '', '', '', ''),
('', '', '', '', '', '', '', ''),
('', '', '', '', '', '', '', ''),
('', '', '', '', '', '', '', ''),
('', '', '', '', '', '', '', ''),
('', '', '', '', '', '', '', ''),
('', '', '', '', '', '', '', ''),
('', '', '', '', '', '', '', ''),
('', '', '', '', '', '', '', ''),
('', '', '', '', '', '', '', ''),
('', '', '', '', '', '', '', ''),
('', '', '', '', '', '', '', ''),
('', '', '', '', '', '', '', ''),
('', '', '', '', '', '', '', ''),
('', '', '', '', '', '', '', ''),
('', '', '', '', '', '', '', ''),
('', '', '', '', '', '', '', ''),
('', '', '', '', '', '', '', ''),
('', '', '', '', '', '', '', ''),
('', '', '', '', '', '', '', ''),
('', '', '', '', '', '', '', ''),
('', '', '', '', '', '', '', ''),
('', '', '', '', '', '', '', ''),
('', '', '', '', '', '', '', ''),
('', '', '', '', '', '', '', ''),
('', '', '', '', '', '', '', ''),
('', '', '', '', '', '', '', ''),
('', '', '', '', '', '', '', ''),
('', '', '', '', '', '', '', ''),
('', '', '', '', '', '', '', ''),
('', '', '', '', '', '', '', ''),
('', '', '', '', '', '', '', ''),
('', '', '', '', '', '', '', ''),
('', '', '', '', '', '', '', ''),
('', '', '', '', '', '', '', ''),
('', '', '', '', '', '', '', ''),
('', '', '', '', '', '', '', ''),
('', '', '', '', '', '', '', ''),
('', '', '', '', '', '', '', ''),
('', '', '', '', '', '', '', ''),
('', '', '', '', '', '', '', ''),
('', '', '', '', '', '', '', ''),
('', '', '', '', '', '', '', ''),
('', '', '', '', '', '', '', ''),
('', '', '', '', '', '', '', ''),
('', '', '', '', '', '', '', ''),
('', '', '', '', '', '', '', ''),
('', '', '', '', '', '', '', ''),
('', '', '', '', '', '', '', ''),
('', '', '', '', '', '', '', ''),
('', '', '', '', '', '', '', ''),
('', '', '', '', '', '', '', ''),
('', '', '', '', '', '', '', ''),
('', '', '', '', '', '', '', ''),
('', '', '', '', '', '', '', ''),
('', '', '', '', '', '', '', ''),
('', '', '', '', '', '', '', ''),
('', '', '', '', '', '', '', ''),
('', '', '', '', '', '', '', ''),
('', '', '', '', '', '', '', ''),
('', '', '', '', '', '', '', ''),
('', '', '', '', '', '', '', ''),
('', '', '', '', '', '', '', ''),
('', '', '', '', '', '', '', ''),
('', '', '', '', '', '', '', ''),
('', '', '', '', '', '', '', ''),
('', '', '', '', '', '', '', ''),
('', '', '', '', '', '', '', ''),
('', '', '', '', '', '', '', ''),
('', '', '', '', '', '', '', ''),
('', '', '', '', '', '', '', ''),
('', '', '', '', '', '', '', ''),
('', '', '', '', '', '', '', ''),
('', '', '', '', '', '', '', ''),
('', '', '', '', '', '', '', ''),
('', '', '', '', '', '', '', ''),
('', '', '', '', '', '', '', ''),
('', '', '', '', '', '', '', ''),
('', '', '', '', '', '', '', ''),
('', '', '', '', '', '', '', ''),
('', '', '', '', '', '', '', ''),
('', '', '', '', '', '', '', ''),
('', '', '', '', '', '', '', ''),
('', '', '', '', '', '', '', ''),
('', '', '', '', '', '', '', ''),
('', '', '', '', '', '', '', ''),
('', '', '', '', '', '', '', ''),
('', '', '', '', '', '', '', ''),
('', '', '', '', '', '', '', ''),
('ANUJ ANIL CHAVAN', '', '119A6001', 'Mechanical', 'TE', '5', 'H', '1'),
('AAYUSH MANISH BHATNAGAR', '', '120A6001', 'Mechanical', 'TE', '5', 'H', '1'),
('ADKAR SIDDHANT RAJAN', '', '120A6002', 'Mechanical', 'TE', '5', 'H', '1'),
('ANISH VISHWANATH GHANEKAR', '', '120A6003', 'Mechanical', 'TE', '5', 'H', '1'),
('ANSARI AZLAN KHALID', '', '120A6004', 'Mechanical', 'TE', '5', 'H', '1'),
('AWATE ARCHIT MAKARAND', '', '120A6005', 'Mechanical', 'TE', '5', 'H', '1'),
('BANDEKAR NIDHI LAXMIKANT', '', '120A6006', 'Mechanical', 'TE', '5', 'H', '1'),
('BHAGAT KRRISH UDAY', '', '120A6007', 'Mechanical', 'TE', '5', 'H', '1'),
('BHALEKAR PRANAY KASHIRAM', '', '120A6008', 'Mechanical', 'TE', '5', 'H', '1'),
('CHAVAN ROHAN SUBHASH', '', '120A6009', 'Mechanical', 'TE', '5', 'H', '1'),
('DUBEY AMEY PRAVIN', '', '120A6010', 'Mechanical', 'TE', '5', 'H', '1'),
('GAGARE SHANKESH BHAUSAHEB', '', '120A6011', 'Mechanical', 'TE', '5', 'H', '1'),
('GANGURDE SAAKSHI SATISH', '', '120A6012', 'Mechanical', 'TE', '5', 'H', '1'),
('GHAG OM PRATAP', '', '120A6013', 'Mechanical', 'TE', '5', 'H', '1'),
('GHOSALKAR SAHIL SANTOSH', '', '120A6014', 'Mechanical', 'TE', '5', 'H', '1'),
('HARDIKAR ANURAG ABHAY', '', '120A6015', 'Mechanical', 'TE', '5', 'H', '1'),
('INGAVALE VRUSHAL PRABHAKAR', '', '120A6016', 'Mechanical', 'TE', '5', 'H', '1'),
('IYER VIGHNESH RAVI', '', '120A6017', 'Mechanical', 'TE', '5', 'H', '1'),
('JAGADE CHAITANYA RAVINDRA', '', '120A6018', 'Mechanical', 'TE', '5', 'H', '2'),
('JAOHARI NAMAN SURENDRA', '', '120A6019', 'Mechanical', 'TE', '5', 'H', '2'),
('JOSHI SAHIL AALHAD', '', '120A6020', 'Mechanical', 'TE', '5', 'H', '2'),
('KADAM PRANAY ANIL', '', '120A6021', 'Mechanical', 'TE', '5', 'H', '2'),
('KANE NISHANT SANDEEP', '', '120A6022', 'Mechanical', 'TE', '5', 'H', '2'),
('KONAR SRINIVASAN CHARMADURAI', '', '120A6023', 'Mechanical', 'TE', '5', 'H', '2'),
('MOHOLKAR SAURABH MAHENDRA', '', '120A6024', 'Mechanical', 'TE', '5', 'H', '2'),
('MUMMADI VARUN KANNAIAH', '', '120A6025', 'Mechanical', 'TE', '5', 'H', '2'),
('NADAR AMAN NITTYANAND', '', '120A6026', 'Mechanical', 'TE', '5', 'H', '2'),
('PATIL SWAYAM NILESH', '', '120A6027', 'Mechanical', 'TE', '5', 'H', '2'),
('PEDNEKAR SAHIL VINOD', '', '120A6028', 'Mechanical', 'TE', '5', 'H', '2'),
('PRASAD MITHLESH INDRABHUSHAN', '', '120A6029', 'Mechanical', 'TE', '5', 'H', '2'),
('SAWANT SHITAL SHIVAJI', '', '120A6030', 'Mechanical', 'TE', '5', 'H', '2'),
('SHARVEN VIVEK PATIL', '', '120A6031', 'Mechanical', 'TE', '5', 'H', '2'),
('AADITYA KISHORBHAI CHOTHANI', '', '221A6032', 'Mechanical', 'TE', '5', 'H', '2'),
('AGHAO PRATIK KRISHNA', '', '221A6033', 'Mechanical', 'TE', '5', 'H', '2'),
('ANISH RAVINDRA MHATRE', '', '221A6034', 'Mechanical', 'TE', '5', 'H', '2'),
('ANSARI MUNEEB AHMED AFROZ AHMED', '', '221A6035', 'Mechanical', 'TE', '5', 'H', '2'),
('BAGDE NIKHIL MANDAR', '', '221A6036', 'Mechanical', 'TE', '5', 'H', '3'),
('BHOPI HARSH PRABHAKAR', '', '221A6037', 'Mechanical', 'TE', '5', 'H', '3'),
('DANDKAR AVISHKAR CHANDRASHEKHAR', '', '221A6038', 'Mechanical', 'TE', '5', 'H', '3'),
('DONGRE OMKAR ULHAS', '', '221A6039', 'Mechanical', 'TE', '5', 'H', '3'),
('FARHAN ARIF KHAN', '', '221A6040', 'Mechanical', 'TE', '5', 'H', '3'),
('GADKARI YASH ANANT', '', '221A6041', 'Mechanical', 'TE', '5', 'H', '3'),
('GHUMBRE PIYUSH ANIL', '', '221A6042', 'Mechanical', 'TE', '5', 'H', '3'),
('GOHIL DHAVAL RAMESH', '', '221A6043', 'Mechanical', 'TE', '5', 'H', '3'),
('GUJAR JEET PARAG', '', '221A6044', 'Mechanical', 'TE', '5', 'H', '3'),
('JADHAV AKASH DHANAJI', '', '221A6045', 'Mechanical', 'TE', '5', 'H', '3'),
('JANI GARVIT DEEPAK', '', '221A6046', 'Mechanical', 'TE', '5', 'H', '3'),
('KANETKAR GAURANG ABHIJEET', '', '221A6047', 'Mechanical', 'TE', '5', 'H', '3'),
('KATKE VAIBHAV VIVEK', '', '221A6048', 'Mechanical', 'TE', '5', 'H', '3'),
('KESARKAR ABHISHEK SANJAY', '', '221A6049', 'Mechanical', 'TE', '5', 'H', '3'),
('KHAN ABDUL RASHID IRSHAD', '', '221A6050', 'Mechanical', 'TE', '5', 'H', '3'),
('KHAN NAMEER NAUSHAD', '', '221A6051', 'Mechanical', 'TE', '5', 'H', '3'),
('KHARGOONWALA TAHA BURHANUDDIN', '', '221A6052', 'Mechanical', 'TE', '5', 'H', '3'),
('KULKARNI SHREYAS ABHIJEET', '', '221A6053', 'Mechanical', 'TE', '5', 'H', '4'),
('KUNAL DILIP ANBHULE', '', '221A6054', 'Mechanical', 'TE', '5', 'H', '4'),
('MANDARE AAYUSH NARESH', '', '221A6055', 'Mechanical', 'TE', '5', 'H', '4'),
('MAYEKAR SOHAN PRASANNA', '', '221A6056', 'Mechanical', 'TE', '5', 'H', '4'),
('NIKAM OM SUNIL', '', '221A6057', 'Mechanical', 'TE', '5', 'H', '4'),
('NIKHADE ABHISHEK NARESH', '', '221A6058', 'Mechanical', 'TE', '5', 'H', '4'),
('OMKAR MAHESH PATIL', '', '221A6059', 'Mechanical', 'TE', '5', 'H', '4'),
('PALANDE ARYAN NARESH', '', '221A6060', 'Mechanical', 'TE', '5', 'H', '4'),
('PARADKAR PARITOSH RAMESH', '', '221A6061', 'Mechanical', 'TE', '5', 'H', '4'),
('PATEL GUFRAN EJAJ', '', '221A6062', 'Mechanical', 'TE', '5', 'H', '4'),
('PATEL USAMA AZIZ', '', '221A6063', 'Mechanical', 'TE', '5', 'H', '4'),
('RANE KAUSTUBH SANJAY', '', '221A6064', 'Mechanical', 'TE', '5', 'H', '4'),
('SAHIL RAMDAS KARPE', '', '221A6065', 'Mechanical', 'TE', '5', 'H', '4'),
('SALVI KUSHAL RAJENDRA', '', '221A6066', 'Mechanical', 'TE', '5', 'H', '4'),
('SHAIKH MOHAMAD FAHEE JAKIR HUSEN', '', '221A6067', 'Mechanical', 'TE', '5', 'H', '4'),
('SIDDHANT SUDHIR DESHMUKH', '', '221A6068', 'Mechanical', 'TE', '5', 'H', '4'),
('SUMEDH KIRAN JAGTAP', '', '221A6069', 'Mechanical', 'TE', '5', 'H', '4'),
('Asmi Nitin Sawant', '', '120A3001', 'IT', 'TE', '5', 'E', '1'),
('Baital Sneha Sagar', '', '120A3002', 'IT', 'TE', '5', 'E', '1'),
('Bhagwat Shubham Anand', '', '120A3003', 'IT', 'TE', '5', 'E', '1'),
('Bhanushali Jay Mahendra', '', '120A3004', 'IT', 'TE', '5', 'E', '1'),
('Chaudhari Shivam Sunil', '', '120A3005', 'IT', 'TE', '5', 'E', '1'),
('Chinmay Devadiga', '', '120A3007', 'IT', 'TE', '5', 'E', '1'),
('Dodake Ayush Suresh', '', '120A3008', 'IT', 'TE', '5', 'E', '1'),
('Dudhmal Parag Mahadev', '', '120A3009', 'IT', 'TE', '5', 'E', '1'),
('Dukare Vedika Babaji', '', '120A3010', 'IT', 'TE', '5', 'E', '1'),
('Ekhande Kirti Madhukar', '', '120A3011', 'IT', 'TE', '5', 'E', '1'),
('Gaikwad Kirti Vikas', '', '120A3012', 'IT', 'TE', '5', 'E', '1'),
('Gupta Chirag Santosh', '', '120A3013', 'IT', 'TE', '5', 'E', '1'),
('Harsh Pritam Koli', '', '120A3014', 'IT', 'TE', '5', 'E', '1'),
('Iyer Tarun Kannanaresh', '', '120A3015', 'IT', 'TE', '5', 'E', '1'),
('Jagdale Yash Ajit', '', '120A3016', 'IT', 'TE', '5', 'E', '1'),
('Jorapur Swati Vedavyasrao', '', '120A3017', 'IT', 'TE', '5', 'E', '1'),
('Khan Tanseer Aurangzeb Alam', '', '120A3018', 'IT', 'TE', '5', 'E', '2'),
('Kharat Saloni Ajit', '', '120A3019', 'IT', 'TE', '5', 'E', '2'),
('Konar Esakkiraja Esakkimuthu', '', '120A3020', 'IT', 'TE', '5', 'E', '2'),
('Koneti Madhurya', '', '120A3021', 'IT', 'TE', '5', 'E', '2'),
('Kruti Upasani', '', '120A3022', 'IT', 'TE', '5', 'E', '2'),
('Kukadia  Dhairya Suresh', '', '120A3023', 'IT', 'TE', '5', 'E', '2'),
('Kumbhare Kunal Rajesh', '', '120A3024', 'IT', 'TE', '5', 'E', '2'),
('Mali Himani Ajit', '', '120A3025', 'IT', 'TE', '5', 'E', '2'),
('Mayank Raj', '', '120A3026', 'IT', 'TE', '5', 'E', '2'),
('Mohammed Rafe Mohammed Zafer Shamsi', '', '120A3027', 'IT', 'TE', '5', 'E', '2'),
('Mohite Pratik Prakash', '', '120A3028', 'IT', 'TE', '5', 'E', '2'),
('Mulye Devang Anand', '', '120A3029', 'IT', 'TE', '5', 'E', '2'),
('Nair Aditi Viswanathan', '', '120A3030', 'IT', 'TE', '5', 'E', '2'),
('Nanaware Pratham Suresh', '', '120A3031', 'IT', 'TE', '5', 'E', '2'),
('Nashikkar Rohan Chandrashekhar', '', '120A3032', 'IT', 'TE', '5', 'E', '2'),
('Nishita Swaminathan', '', '120A3033', 'IT', 'TE', '5', 'E', '2'),
('Ojha Aniket Raghav', '', '120A3034', 'IT', 'TE', '5', 'E', '2'),
('Parakh Prakash Pawar', '', '120A3035', 'IT', 'TE', '5', 'E', '3'),
('Patil Subodh Sanjay', '', '120A3036', 'IT', 'TE', '5', 'E', '3'),
('Pavale Soham Harivijay', '', '120A3037', 'IT', 'TE', '5', 'E', '3'),
('Pinjara Aman Arif', '', '120A3038', 'IT', 'TE', '5', 'E', '3'),
('Pravin Guruputhiran', '', '120A3039', 'IT', 'TE', '5', 'E', '3'),
('Rai Ankur Rammohan', '', '120A3040', 'IT', 'TE', '5', 'E', '3'),
('Rai Bhoomi Prakash', '', '120A3041', 'IT', 'TE', '5', 'E', '3'),
('Rao Ruchir Dinesh', '', '120A3042', 'IT', 'TE', '5', 'E', '3'),
('Salman Juber Adhikari', '', '120A3043', 'IT', 'TE', '5', 'E', '3'),
('Sankpal Shubham Jitendra', '', '120A3044', 'IT', 'TE', '5', 'E', '3'),
('Shah Drashti Sanjay', '', '120A3045', 'IT', 'TE', '5', 'E', '3'),
('Shelke Dhiraj Anil', '', '120A3047', 'IT', 'TE', '5', 'E', '3'),
('Shetty Mohit Vidyanand', '', '120A3048', 'IT', 'TE', '5', 'E', '3'),
('Shinde Rushikesh Dattatray', '', '120A3049', 'IT', 'TE', '5', 'E', '3'),
('Shivani Pandeti', '', '120A3050', 'IT', 'TE', '5', 'E', '3'),
('Shreya Sanjay Idate', '', '120A3051', 'IT', 'TE', '5', 'E', '3'),
('Shreyas Prabhakar', '', '120A3052', 'IT', 'TE', '5', 'E', '4'),
('Shreyash Suhas Kadam', '', '120A3053', 'IT', 'TE', '5', 'E', '4'),
('Singh Anurag Sujeet Kumar', '', '120A3054', 'IT', 'TE', '5', 'E', '4'),
('Singh Sakshi Suresh', '', '120A3055', 'IT', 'TE', '5', 'E', '4'),
('Sonakshi Jha', '', '120A3056', 'IT', 'TE', '5', 'E', '4'),
('Tandel Raj Nishikant', '', '120A3058', 'IT', 'TE', '5', 'E', '4'),
('Upadhyay Shreyas Sudhakar', '', '120A3059', 'IT', 'TE', '5', 'E', '4'),
('Vaibhavee Thakur', '', '120A3060', 'IT', 'TE', '5', 'E', '4'),
('Varad Thorat', '', '120A3061', 'IT', 'TE', '5', 'E', '4'),
('Vedant Mahesh Bojjawar', '', '120A3062', 'IT', 'TE', '5', 'E', '4'),
('Yadav Aditya Ramashish', '', '120A3063', 'IT', 'TE', '5', 'E', '4'),
('Aayush Umashankar Singh', '', '221A3064', 'IT', 'TE', '5', 'E', '4'),
('Hinge Atharva Bhuleshwar', '', '221A3065', 'IT', 'TE', '5', 'E', '4'),
('Nadar Sathish Samuthira Muthu', '', '221A3066', 'IT', 'TE', '5', 'E', '4'),
('Omkar Navnath Jamdar', '', '221A3067', 'IT', 'TE', '5', 'E', '4'),
('Soumya Sollinselvan Muthupushpam', '', '221A3068', 'IT', 'TE', '5', 'E', '4'),
('Thevar Kanddakumaran Murugan', '', '221A3069', 'IT', 'TE', '5', 'E', '4'),
('Rauther Muskan Raj Mohammed', '', '118A3043', 'IT', 'TE', '5', 'E', '4'),
('Kharat Amish', '', '111A3023', 'IT', 'TE', '5', 'E', '4'),
('', '', '', '', '', '', '', ''),
('', '', '', '', '', '', '', ''),
('', '', '', '', '', '', '', ''),
('', '', '', '', '', '', '', ''),
('Asmi Nitin Sawant', '', '120A3001', 'IT', 'TE', '5', 'E', '1'),
('Baital Sneha Sagar', '', '120A3002', 'IT', 'TE', '5', 'E', '1'),
('Bhagwat Shubham Anand', '', '120A3003', 'IT', 'TE', '5', 'E', '1'),
('Bhanushali Jay Mahendra', '', '120A3004', 'IT', 'TE', '5', 'E', '1'),
('Chaudhari Shivam Sunil', '', '120A3005', 'IT', 'TE', '5', 'E', '1'),
('Chhabra Ramanjit Singh Manmohan Singh', '', '120A3006', 'IT', 'TE', '5', 'E', '1'),
('Chinmay Devadiga', '', '120A3007', 'IT', 'TE', '5', 'E', '1'),
('Dodake Ayush Suresh', '', '120A3008', 'IT', 'TE', '5', 'E', '1'),
('Dudhmal Parag Mahadev', '', '120A3009', 'IT', 'TE', '5', 'E', '1'),
('Dukare Vedika Babaji', '', '120A3010', 'IT', 'TE', '5', 'E', '1'),
('Ekhande Kirti Madhukar', '', '120A3011', 'IT', 'TE', '5', 'E', '1'),
('Gaikwad Kirti Vikas', '', '120A3012', 'IT', 'TE', '5', 'E', '1'),
('Gupta Chirag Santosh', '', '120A3013', 'IT', 'TE', '5', 'E', '1'),
('Harsh Pritam Koli', '', '120A3014', 'IT', 'TE', '5', 'E', '1'),
('Iyer Tarun Kannanaresh', '', '120A3015', 'IT', 'TE', '5', 'E', '1'),
('Jagdale Yash Ajit', '', '120A3016', 'IT', 'TE', '5', 'E', '1'),
('Jorapur Swati Vedavyasrao', '', '120A3017', 'IT', 'TE', '5', 'E', '1'),
('Khan Tanseer Aurangzeb Alam', '', '120A3018', 'IT', 'TE', '5', 'E', '2'),
('Kharat Saloni Ajit', '', '120A3019', 'IT', 'TE', '5', 'E', '2'),
('Konar Esakkiraja Esakkimuthu', '', '120A3020', 'IT', 'TE', '5', 'E', '2'),
('Koneti Madhurya', '', '120A3021', 'IT', 'TE', '5', 'E', '2'),
('Kruti Upasani', '', '120A3022', 'IT', 'TE', '5', 'E', '2'),
('Kukadia  Dhairya Suresh', '', '120A3023', 'IT', 'TE', '5', 'E', '2'),
('Kumbhare Kunal Rajesh', '', '120A3024', 'IT', 'TE', '5', 'E', '2'),
('Mali Himani Ajit', '', '120A3025', 'IT', 'TE', '5', 'E', '2'),
('Mayank Raj', '', '120A3026', 'IT', 'TE', '5', 'E', '2'),
('Mohammed Rafe Mohammed Zafer Shamsi', '', '120A3027', 'IT', 'TE', '5', 'E', '2'),
('Mohite Pratik Prakash', '', '120A3028', 'IT', 'TE', '5', 'E', '2'),
('Mulye Devang Anand', '', '120A3029', 'IT', 'TE', '5', 'E', '2'),
('Nair Aditi Viswanathan', '', '120A3030', 'IT', 'TE', '5', 'E', '2'),
('Nanaware Pratham Suresh', '', '120A3031', 'IT', 'TE', '5', 'E', '2'),
('Nashikkar Rohan Chandrashekhar', '', '120A3032', 'IT', 'TE', '5', 'E', '2'),
('Nishita Swaminathan', '', '120A3033', 'IT', 'TE', '5', 'E', '2'),
('Ojha Aniket Raghav', '', '120A3034', 'IT', 'TE', '5', 'E', '2'),
('Parakh Prakash Pawar', '', '120A3035', 'IT', 'TE', '5', 'E', '3'),
('Patil Subodh Sanjay', '', '120A3036', 'IT', 'TE', '5', 'E', '3'),
('Pavale Soham Harivijay', '', '120A3037', 'IT', 'TE', '5', 'E', '3'),
('Pinjara Aman Arif', '', '120A3038', 'IT', 'TE', '5', 'E', '3'),
('Pravin Guruputhiran', '', '120A3039', 'IT', 'TE', '5', 'E', '3'),
('Rai Ankur Rammohan', '', '120A3040', 'IT', 'TE', '5', 'E', '3'),
('Rai Bhoomi Prakash', '', '120A3041', 'IT', 'TE', '5', 'E', '3'),
('Rao Ruchir Dinesh', '', '120A3042', 'IT', 'TE', '5', 'E', '3'),
('Salman Juber Adhikari', '', '120A3043', 'IT', 'TE', '5', 'E', '3'),
('Sankpal Shubham Jitendra', '', '120A3044', 'IT', 'TE', '5', 'E', '3'),
('Shah Drashti Sanjay', '', '120A3045', 'IT', 'TE', '5', 'E', '3'),
('Shaikh Mohammad Sahil Mohammad Salim', '', '120A3046', 'IT', 'TE', '5', 'E', '3'),
('Shelke Dhiraj Anil', '', '120A3047', 'IT', 'TE', '5', 'E', '3'),
('Shetty Mohit Vidyanand', '', '120A3048', 'IT', 'TE', '5', 'E', '3'),
('Shinde Rushikesh Dattatray', '', '120A3049', 'IT', 'TE', '5', 'E', '3'),
('Shivani Pandeti', '', '120A3050', 'IT', 'TE', '5', 'E', '3'),
('Shreya Sanjay Idate', '', '120A3051', 'IT', 'TE', '5', 'E', '3'),
('Shreyas Prabhakar', '', '120A3052', 'IT', 'TE', '5', 'E', '4'),
('Shreyash Suhas Kadam', '', '120A3053', 'IT', 'TE', '5', 'E', '4'),
('Singh Anurag Sujeet Kumar', '', '120A3054', 'IT', 'TE', '5', 'E', '4'),
('Singh Sakshi Suresh', '', '120A3055', 'IT', 'TE', '5', 'E', '4'),
('Sonakshi Jha', '', '120A3056', 'IT', 'TE', '5', 'E', '4'),
('Tandel Raj Nishikant', '', '120A3058', 'IT', 'TE', '5', 'E', '4'),
('Upadhyay Shreyas Sudhakar', '', '120A3059', 'IT', 'TE', '5', 'E', '4'),
('Vaibhavee Thakur', '', '120A3060', 'IT', 'TE', '5', 'E', '4'),
('Varad Thorat', '', '120A3061', 'IT', 'TE', '5', 'E', '4'),
('Vedant Mahesh Bojjawar', '', '120A3062', 'IT', 'TE', '5', 'E', '4'),
('Yadav Aditya Ramashish', '', '120A3063', 'IT', 'TE', '5', 'E', '4'),
('Aayush Umashankar Singh', '', '221A3064', 'IT', 'TE', '5', 'E', '4'),
('Hinge Atharva Bhuleshwar', '', '221A3065', 'IT', 'TE', '5', 'E', '4'),
('Nadar Sathish Samuthira Muthu', '', '221A3066', 'IT', 'TE', '5', 'E', '4'),
('Omkar Navnath Jamdar', '', '221A3067', 'IT', 'TE', '5', 'E', '4'),
('Soumya Sollinselvan Muthupushpam', '', '221A3068', 'IT', 'TE', '5', 'E', '4'),
('Thevar Kanddakumaran Murugan', '', '221A3069', 'IT', 'TE', '5', 'E', '4'),
('Rauther Muskan Raj Mohammed', '', '118A3043', 'IT', 'TE', '5', 'E', '4'),
('Kharat Amish', '', '111A3023', 'IT', 'TE', '5', 'E', '4'),
('', '', '', '', '', '', '', ''),
('', '', '', '', '', '', '', ''),
('', '', '', '', '', '', '', ''),
('', '', '', '', '', '', '', ''),
('AAKANSHA RAMESH', '', '119A3001', 'IT', 'BE', '7', 'E', '1'),
('AAQIB FAROOQ', '', '119A3002', 'IT', 'BE', '7', 'E', '1'),
('SHINDE ABHISHEK SANJAYKUMAR ', '', '119A3003', 'IT', 'BE', '7', 'E', '1'),
('SINGH ABHISHEK VIRENDRA ', '', '119A3004', 'IT', 'BE', '7', 'E', '1'),
('ANUPRIYA SELVARAJ', '', '119A3005', 'IT', 'BE', '7', 'E', '1'),
('ASWAR MEHUL BABARAO', '', '119A3006', 'IT', 'BE', '7', 'E', '1'),
('SHAIKH AZARUDDEEN MUNAF ', '', '119A3007', 'IT', 'BE', '7', 'E', '1'),
('BALDAWA SHRINIVAS BHIKULAL', '', '119A3008', 'IT', 'BE', '7', 'E', '1'),
('BHARATI VENKATESAN', '', '119A3009', 'IT', 'BE', '7', 'E', '1'),
('SONJE BHAVESH CHANDRAKANT ', '', '119A3010', 'IT', 'BE', '7', 'E', '1'),
('BHOIR PRAJYOT PRAMOD', '', '119A3011', 'IT', 'BE', '7', 'E', '1'),
('DEY RONIT AMIT', '', '119A3012', 'IT', 'BE', '7', 'E', '1'),
('DHANVI ANIL MANGE', '', '119A3013', 'IT', 'BE', '7', 'E', '1'),
('DISHA R AUTI', '', '119A3014', 'IT', 'BE', '7', 'E', '1'),
('DIVYALAXMI THIRUGANAN', '', '119A3015', 'IT', 'BE', '7', 'E', '1'),
('EMAAD KADAR SAYED', '', '119A3016', 'IT', 'BE', '7', 'E', '1'),
('GAURAV T SUVARNA', '', '119A3018', 'IT', 'BE', '7', 'E', '1'),
('BABU GEETIKA  SUBHA', '', '119A3019', 'IT', 'BE', '7', 'E', '2'),
('IYENGAR SHRINIDHI VARADARAJAN', '', '119A3020', 'IT', 'BE', '7', 'E', '2'),
('IYER R SHOBHANA RAGHURAMAN', '', '119A3021', 'IT', 'BE', '7', 'E', '2'),
('IYER SHRUTI SRIKANT', '', '119A3022', 'IT', 'BE', '7', 'E', '2'),
('IYER UDAYAN GANESHAN', '', '119A3023', 'IT', 'BE', '7', 'E', '2'),
('JAIJANANI RADHAKRISHNAN', '', '119A3024', 'IT', 'BE', '7', 'E', '2'),
('JAISWAL GAURAV RAJESH', '', '119A3025', 'IT', 'BE', '7', 'E', '2'),
('PATIL JANHAVI ANIL ', '', '119A3026', 'IT', 'BE', '7', 'E', '2'),
('JANVI RAMACHANDRAN', '', '119A3027', 'IT', 'BE', '7', 'E', '2'),
('KAMATH SAUMYA SURESH', '', '119A3028', 'IT', 'BE', '7', 'E', '2'),
('KARTHIK SRIDHAR', '', '119A3029', 'IT', 'BE', '7', 'E', '2'),
('KASHISH UPENDRARAJ SINGH', '', '119A3030', 'IT', 'BE', '7', 'E', '2'),
('KONAR LAKSHMANAN KARUPPASWAMY', '', '119A3031', 'IT', 'BE', '7', 'E', '2'),
('MADHURI RAMAKRISHNAN', '', '119A3032', 'IT', 'BE', '7', 'E', '2'),
('MUDALIAR NETRA KUMAR', '', '119A3033', 'IT', 'BE', '7', 'E', '2'),
('NADAR JEGAN RAJAVEL', '', '119A3034', 'IT', 'BE', '7', 'E', '2'),
('KADAM NIKITA MAHESH ', '', '119A3035', 'IT', 'BE', '7', 'E', '2'),
('PAGARE ADITYA GIRISH', '', '119A3036', 'IT', 'BE', '7', 'E', '3'),
('BADVE PARTH RAVINDRA ', '', '119A3037', 'IT', 'BE', '7', 'E', '3'),
('PILLAI ANUSHREE SATISH', '', '119A3038', 'IT', 'BE', '7', 'E', '3'),
('KONAR PRANAV SUKUMAR ', '', '119A3039', 'IT', 'BE', '7', 'E', '3'),
('BIRAJDAR PREETI VIKAS ', '', '119A3040', 'IT', 'BE', '7', 'E', '3'),
('R K RAHUL RAJ D R KAMARAJ', '', '119A3041', 'IT', 'BE', '7', 'E', '3'),
('R S SURYA', '', '119A3042', 'IT', 'BE', '7', 'E', '3'),
('RIYA SINGH', '', '119A3044', 'IT', 'BE', '7', 'E', '3'),
('S. AJAY KANNAN', '', '119A3045', 'IT', 'BE', '7', 'E', '3'),
('SAHIL RAJENDRA RAUT', '', '119A3046', 'IT', 'BE', '7', 'E', '3'),
('SHINDE SAHIL DILIP', '', '119A3047', 'IT', 'BE', '7', 'E', '3'),
('SNEHA MURUGESH', '', '119A3048', 'IT', 'BE', '7', 'E', '3'),
('SWARANJALI JADHAV', '', '119A3049', 'IT', 'BE', '7', 'E', '3'),
('SWARUP HEMLATA', '', '119A3050', 'IT', 'BE', '7', 'E', '3'),
('THEVAR SURYA ARUNACHALM', '', '119A3051', 'IT', 'BE', '7', 'E', '3'),
('THUBE GAURI BHARAT', '', '119A3052', 'IT', 'BE', '7', 'E', '3'),
('UDAIYAR SATHIYASEELAN PALANISWAMY', '', '119A3053', 'IT', 'BE', '7', 'E', '3'),
('VAIDYANATHAN MAHITHA N VAIDYANATHAN', '', '119A3054', 'IT', 'BE', '7', 'E', '3'),
('DIXIT VAISHNAVI ABODH ', '', '119A3055', 'IT', 'BE', '7', 'E', '4'),
('VENKATA SRI SAI PAVANI LANKA', '', '119A3056', 'IT', 'BE', '7', 'E', '4'),
('KANJIKER VINAYAK GUNRAJ ', '', '119A3057', 'IT', 'BE', '7', 'E', '4'),
('VYAS NIDHISH MANISH', '', '119A3058', 'IT', 'BE', '7', 'E', '4'),
('WAGH YASH ASHOK', '', '119A3059', 'IT', 'BE', '7', 'E', '4'),
('YADAVAR RAMESH DEVRAJ MUTHULAXMI', '', '119A3060', 'IT', 'BE', '7', 'E', '4'),
('DHANDE YUKTANT PRAFULL ', '', '119A3061', 'IT', 'BE', '7', 'E', '4'),
('SHARMA UTKARSH RAJESH', '', '119A3062', 'IT', 'BE', '7', 'E', '4'),
('SINGAMALLI VAISHNAVI VENKATSH', '', '119A3063', 'IT', 'BE', '7', 'E', '4'),
('TAKALE AISHWARYA ASHOK', '', '119A3064', 'IT', 'BE', '7', 'E', '4'),
('MOHAMMED NUMAN ANSARI ', '', '220A3065', 'IT', 'BE', '7', 'E', '4'),
('PRANALI SHARAD DHARME ', '', '220A3066', 'IT', 'BE', '7', 'E', '4'),
('KOHLI NAMAH RAKESH', '', '220A3067', 'IT', 'BE', '7', 'E', '4'),
('PRAVIN JALINDAR NICHAL ', '', '220A3068', 'IT', 'BE', '7', 'E', '4'),
('NISHIKA HARESH PATEL ', '', '220A3069', 'IT', 'BE', '7', 'E', '4'),
('SIMRAN KAUR INDERDEEP SINGH SHEMBE ', '', '220A3070', 'IT', 'BE', '7', 'E', '4'),
('SIYONA CHANDRAPRAKASH LODHA ', '', '220A3071', 'IT', 'BE', '7', 'E', '4'),
('SUFIYAN FAROOQUE DALVI ', '', '220A3072', 'IT', 'BE', '7', 'E', '4'),
('itya Kishor Jadhav', '', '120A7001', 'ECS', 'TE', '5', 'B', '1'),
('Akash Agarwal', '', '120A7002', 'ECS', 'TE', '5', 'B', '1'),
('Ananya Vidyadharan ', '', '120A7004', 'ECS', 'TE', '5', 'B', '1'),
('Anirudh Sharma ', '', '120A7005', 'ECS', 'TE', '5', 'B', '1'),
('Anoushka Gaikwad', '', '120A7006', 'ECS', 'TE', '5', 'B', '1'),
('Arunima Binu', '', '120A7007 ', 'ECS', 'TE', '5', 'B', '1'),
('Ashwini Ramakrishnan', '', '120A7008 ', 'ECS', 'TE', '5', 'B', '1'),
('ANSHUL DHOLE', '', '120A7018', 'ECS', 'TE', '5', 'B', '1'),
('Vaishnavi Kambli', '', '120A7023', 'ECS', 'TE', '5', 'B', '1'),
('Shriya Kolambkar', '', '120A7024', 'ECS', 'TE', '5', 'B', '1'),
('Kuckian Yashika Padmanabha', '', '120A7026', 'ECS', 'TE', '5', 'B', '1'),
('Ruchika Mhetre ', '', '120A7027 ', 'ECS', 'TE', '5', 'B', '1'),
('Ujjawal Dinanath Mishra ', '', '120A7028', 'ECS', 'TE', '5', 'B', '1'),
('Ashwin manojkumar nair', '', '120A7030', 'ECS', 'TE', '5', 'B', '1'),
('Parvathy Nair ', '', '120A7031', 'ECS', 'TE', '5', 'B', '1'),
('Om Umesh Mitkari ', '', '120A7033', 'ECS', 'TE', '5', 'B', '1'),
('Pradeep Rajeshkumar ', '', '120A7039', 'ECS', 'TE', '5', 'B', '2'),
('Pranjali Shailendra Sawant ', '', '120A7041', 'ECS', 'TE', '5', 'B', '2'),
('Prithvi Poojari', '', '120A7042', 'ECS', 'TE', '5', 'B', '2'),
('Raj Pawar', '', '120A7044', 'ECS', 'TE', '5', 'B', '2'),
('Saakshi Rajput ', '', '120A7045 ', 'ECS', 'TE', '5', 'B', '2'),
('Shravani sunil veer ', '', '120A7053 ', 'ECS', 'TE', '5', 'B', '2'),
('Srishti zinge', '', '120A7056', 'ECS', 'TE', '5', 'B', '2'),
('Sachet Sandeep Utekar', '', '120A7058', 'ECS', 'TE', '5', 'B', '2'),
('YASH KULKARNI', '', '120A7060', 'ECS', 'TE', '5', 'B', '2'),
('Aditya Yede', '', '120A7061', 'ECS', 'TE', '5', 'B', '2'),
('Zinjad Om Nilkanth', '', '120A7063', 'ECS', 'TE', '5', 'B', '2'),
('Nachiket Nawatakke', '', '221A7064', 'ECS', 'TE', '5', 'B', '2'),
('krutika patil', '', '221A7065', 'ECS', 'TE', '5', 'B', '2'),
('Omkar pandurang sabale ', '', '221A7067', 'ECS', 'TE', '5', 'B', '2'),
('POOJARY RIYA JAGDISH JAYANTI', '', '120A7037', 'ECS', 'TE', '5', 'B', '2'),
('SATYAJYOTI THEVAR', '', '221A7068 ', 'ECS', 'TE', '5', 'B', '2'),
('PATIL NEERAJ NAGRAJ', '', '221A7066', 'ECS', 'TE', '5', 'B', '2'),
('TONDAPURKAR ATHARVA AMIT APARNA', '', '120A7010', 'ECS', 'TE', '5', 'B', '3'),
('Amey Mali', '', '120A7003', 'ECS', 'TE', '5', 'B', '3'),
('Yash Aslekar', '', '120A7009', 'ECS', 'TE', '5', 'B', '3'),
('Atharva Tatpuje', '', '120A7011', 'ECS', 'TE', '5', 'B', '3'),
('AWALEGAONKAR HARSH ANILKUMAR ARATI', '', '120A7012', 'ECS', 'TE', '5', 'B', '3'),
('Sarvesh Bhayje', '', '120A7013', 'ECS', 'TE', '5', 'B', '3'),
('Mehul Birajdar', '', '120A7014', 'ECS', 'TE', '5', 'B', '3'),
('Yash Chaudhari', '', '120A7015', 'ECS', 'TE', '5', 'B', '3'),
('Aman Chavan', '', '120A7016', 'ECS', 'TE', '5', 'B', '3'),
('Chinmay Vaity', '', '120A7017', 'ECS', 'TE', '5', 'B', '3'),
('GAWADE ARYAN RAJENDRA RAJSHREE', '', '120A7019', 'ECS', 'TE', '5', 'B', '3'),
('Ved Gawade ', '', '120A7020', 'ECS', 'TE', '5', 'B', '3'),
('Chinmay Gawas', '', '120A7021', 'ECS', 'TE', '5', 'B', '3'),
('Sarika Hire', '', '120A7022', 'ECS', 'TE', '5', 'B', '3'),
('Anamika Nevase', '', '120A7032', 'ECS', 'TE', '5', 'B', '3'),
('Sanya Sharma', '', '120A7050', 'ECS', 'TE', '5', 'B', '3'),
('Saiban Pagarkar', '', '120A7034', 'ECS', 'TE', '5', 'B', '4'),
('Dhananjay Pandey', '', '120A7035 ', 'ECS', 'TE', '5', 'B', '4'),
('Pranil Pawar', '', '120A7036', 'ECS', 'TE', '5', 'B', '4'),
('POONEKAR DEVASHREE MANDAR MANASI', '', '120A7038', 'ECS', 'TE', '5', 'B', '4'),
('PRANALI DILIP UNAVANE', '', '120A7040', 'ECS', 'TE', '5', 'B', '4'),
('Ganesh Pujari', '', '120A7043', 'ECS', 'TE', '5', 'B', '4'),
('Sahil Saini ', '', '120A7046', 'ECS', 'TE', '5', 'B', '4'),
('Sakshi Amol', '', '120A7047', 'ECS', 'TE', '5', 'B', '4'),
('Salman Dawoodbhoy', '', '120A7048', 'ECS', 'TE', '5', 'B', '4'),
('Manvi Sharma', '', '120A7049', 'ECS', 'TE', '5', 'B', '4'),
('Sanmitha Shetty', '', '120A7051', 'ECS', 'TE', '5', 'B', '4'),
('SHIVAM PANDEY', '', '120A7052', 'ECS', 'TE', '5', 'B', '4'),
('Shreya Murthy', '', '120A7054', 'ECS', 'TE', '5', 'B', '4'),
('Gaurav Soman', '', '120A7055', 'ECS', 'TE', '5', 'B', '4'),
('Manas Tare', '', '120A7057', 'ECS', 'TE', '5', 'B', '4'),
('Ojas Vighne', '', '120A7059', 'ECS', 'TE', '5', 'B', '4'),
('Kunal Zambare', '', '120A7062', 'ECS', 'TE', '5', 'B', '4'),
('Mrunal Kondekar', '', '120A7025 ', 'ECS', 'TE', '5', 'B', '4'),
('Yash Mistry ', '', '120A7029', 'ECS', 'TE', '5', 'B', '4');

--
-- Indexes for dumped tables
--

--
-- Indexes for table `faculty`
--
ALTER TABLE `faculty`
  ADD PRIMARY KEY (`f_empid1`);

--
-- Indexes for table `feedback`
--
ALTER TABLE `feedback`
  ADD PRIMARY KEY (`id`),
  ADD KEY `f_empid1` (`f_empid1`),
  ADD KEY `feedback_ibfk_1` (`s_prn`);

--
-- Indexes for table `f_allocation`
--
ALTER TABLE `f_allocation`
  ADD PRIMARY KEY (`id`),
  ADD KEY `f_empid` (`f_empid`);

--
-- Indexes for table `status`
--
ALTER TABLE `status`
  ADD PRIMARY KEY (`id`);

--
-- AUTO_INCREMENT for dumped tables
--

--
-- AUTO_INCREMENT for table `feedback`
--
ALTER TABLE `feedback`
  MODIFY `id` int(10) NOT NULL AUTO_INCREMENT, AUTO_INCREMENT=68;

--
-- AUTO_INCREMENT for table `f_allocation`
--
ALTER TABLE `f_allocation`
  MODIFY `id` int(10) NOT NULL AUTO_INCREMENT, AUTO_INCREMENT=275;

--
-- AUTO_INCREMENT for table `status`
--
ALTER TABLE `status`
  MODIFY `id` int(1) NOT NULL AUTO_INCREMENT, AUTO_INCREMENT=2;

--
-- Constraints for dumped tables
--

--
-- Constraints for table `feedback`
--
ALTER TABLE `feedback`
  ADD CONSTRAINT `feedback_ibfk_2` FOREIGN KEY (`f_empid1`) REFERENCES `faculty` (`f_empid1`);

--
-- Constraints for table `f_allocation`
--
ALTER TABLE `f_allocation`
  ADD CONSTRAINT `f_allocation_ibfk_1` FOREIGN KEY (`f_empid`) REFERENCES `faculty` (`f_empid1`);
COMMIT;

/*!40101 SET CHARACTER_SET_CLIENT=@OLD_CHARACTER_SET_CLIENT */;
/*!40101 SET CHARACTER_SET_RESULTS=@OLD_CHARACTER_SET_RESULTS */;
/*!40101 SET COLLATION_CONNECTION=@OLD_COLLATION_CONNECTION */;
